Id	UseItemId[1]	UseItemId[2]	Sale[1]	Sale[2]	UseItemCount[1]	UseItemCount[2]	UseItemImg[1]	UseItemImg[2]	TargetItemCount	TargetItemImg
1	3	5		Hot	50	1	Assets/Product/Texture/Image/UiLotto/UiLottoCardHeika.png	Assets/Product/Texture/Image/UiLotto/UiLottoCardHongka.png	50	Assets/Product/Texture/Image/UiLotto/UiLottoCardNewyear.png
2	3	5		Hot	100	3	Assets/Product/Texture/Image/UiLotto/UiLottoCardHeika.png	Assets/Product/Texture/Image/UiLotto/UiLottoCardHongka.png	100	Assets/Product/Texture/Image/UiLotto/UiLottoCardNewyear.png
3	3	5		Hot	250	8	Assets/Product/Texture/Image/UiLotto/UiLottoCardHeika.png	Assets/Product/Texture/Image/UiLotto/UiLottoCardHongka.png	250	Assets/Product/Texture/Image/UiLotto/UiLottoCardNewyear.png
4	3	5		Hot	400	13	Assets/Product/Texture/Image/UiLotto/UiLottoCardHeika.png	Assets/Product/Texture/Image/UiLotto/UiLottoCardHongka.png	400	Assets/Product/Texture/Image/UiLotto/UiLottoCardNewyear.png
5	3	5		Hot	600	19	Assets/Product/Texture/Image/UiLotto/UiLottoCardHeika.png	Assets/Product/Texture/Image/UiLotto/UiLottoCardHongka.png	600	Assets/Product/Texture/Image/UiLotto/UiLottoCardNewyear.png
6	3	5		Hot	800	26	Assets/Product/Texture/Image/UiLotto/UiLottoCardHeika.png	Assets/Product/Texture/Image/UiLotto/UiLottoCardHongka.png	800	Assets/Product/Texture/Image/UiLotto/UiLottoCardNewyear.png
7	3	5		Hot	1200	39	Assets/Product/Texture/Image/UiLotto/UiLottoCardHeika.png	Assets/Product/Texture/Image/UiLotto/UiLottoCardHongka.png	1200	Assets/Product/Texture/Image/UiLotto/UiLottoCardNewyear.png
8	3	5		Hot	1700	56	Assets/Product/Texture/Image/UiLotto/UiLottoCardHeika.png	Assets/Product/Texture/Image/UiLotto/UiLottoCardHongka.png	1700	Assets/Product/Texture/Image/UiLotto/UiLottoCardNewyear.png
9	3	5		Hot	2200	73	Assets/Product/Texture/Image/UiLotto/UiLottoCardHeika.png	Assets/Product/Texture/Image/UiLotto/UiLottoCardHongka.png	2200	Assets/Product/Texture/Image/UiLotto/UiLottoCardNewyear.png
10	3	5		Hot	2700	90	Assets/Product/Texture/Image/UiLotto/UiLottoCardHeika.png	Assets/Product/Texture/Image/UiLotto/UiLottoCardHongka.png	2700	Assets/Product/Texture/Image/UiLotto/UiLottoCardNewyear.png
11	3	5		80% Off	50	1	Assets/Product/Texture/Image/UiLotto/UiLottoCardHeika.png	Assets/Product/Texture/Image/UiLotto/UiLottoCardHongka.png	50	Assets/Product/Texture/Image/UiLotto/UiLottoCardSummer.png
12	3	5		70% Off	100	3	Assets/Product/Texture/Image/UiLotto/UiLottoCardHeika.png	Assets/Product/Texture/Image/UiLotto/UiLottoCardHongka.png	100	Assets/Product/Texture/Image/UiLotto/UiLottoCardSummer.png
13	3	5		68% Off	250	8	Assets/Product/Texture/Image/UiLotto/UiLottoCardHeika.png	Assets/Product/Texture/Image/UiLotto/UiLottoCardHongka.png	250	Assets/Product/Texture/Image/UiLotto/UiLottoCardSummer.png
14	3	5		67% Off	400	13	Assets/Product/Texture/Image/UiLotto/UiLottoCardHeika.png	Assets/Product/Texture/Image/UiLotto/UiLottoCardHongka.png	400	Assets/Product/Texture/Image/UiLotto/UiLottoCardSummer.png
15	3	5		68% Off	600	19	Assets/Product/Texture/Image/UiLotto/UiLottoCardHeika.png	Assets/Product/Texture/Image/UiLotto/UiLottoCardHongka.png	600	Assets/Product/Texture/Image/UiLotto/UiLottoCardSummer.png
16	3	5		67% Off	800	26	Assets/Product/Texture/Image/UiLotto/UiLottoCardHeika.png	Assets/Product/Texture/Image/UiLotto/UiLottoCardHongka.png	800	Assets/Product/Texture/Image/UiLotto/UiLottoCardSummer.png
17	3	5		67% Off	1200	39	Assets/Product/Texture/Image/UiLotto/UiLottoCardHeika.png	Assets/Product/Texture/Image/UiLotto/UiLottoCardHongka.png	1200	Assets/Product/Texture/Image/UiLotto/UiLottoCardSummer.png
18	3	5		67% Off	1700	56	Assets/Product/Texture/Image/UiLotto/UiLottoCardHeika.png	Assets/Product/Texture/Image/UiLotto/UiLottoCardHongka.png	1700	Assets/Product/Texture/Image/UiLotto/UiLottoCardSummer.png
19	3	5		66% Off	2200	73	Assets/Product/Texture/Image/UiLotto/UiLottoCardHeika.png	Assets/Product/Texture/Image/UiLotto/UiLottoCardHongka.png	2200	Assets/Product/Texture/Image/UiLotto/UiLottoCardSummer.png
20	3	5		66% Off	2700	90	Assets/Product/Texture/Image/UiLotto/UiLottoCardHeika.png	Assets/Product/Texture/Image/UiLotto/UiLottoCardHongka.png	2700	Assets/Product/Texture/Image/UiLotto/UiLottoCardSummer.png
21	50003	50005			50	50	Assets/Product/Texture/Image/UiLotto/UiLottoCardWuqi.png	Assets/Product/Texture/Image/UiLotto/UiLottoCardHuodong.png	50	Assets/Product/Texture/Image/UiLotto/UiLottoCardQicheng.png
22	50003	50005			200	200	Assets/Product/Texture/Image/UiLotto/UiLottoCardWuqi.png	Assets/Product/Texture/Image/UiLotto/UiLottoCardHuodong.png	200	Assets/Product/Texture/Image/UiLotto/UiLottoCardQicheng.png
23	50003	50005			400	400	Assets/Product/Texture/Image/UiLotto/UiLottoCardWuqi.png	Assets/Product/Texture/Image/UiLotto/UiLottoCardHuodong.png	400	Assets/Product/Texture/Image/UiLotto/UiLottoCardQicheng.png
24	50003	50005			600	600	Assets/Product/Texture/Image/UiLotto/UiLottoCardWuqi.png	Assets/Product/Texture/Image/UiLotto/UiLottoCardHuodong.png	600	Assets/Product/Texture/Image/UiLotto/UiLottoCardQicheng.png
25	50003	50005			800	800	Assets/Product/Texture/Image/UiLotto/UiLottoCardWuqi.png	Assets/Product/Texture/Image/UiLotto/UiLottoCardHuodong.png	800	Assets/Product/Texture/Image/UiLotto/UiLottoCardQicheng.png
26	50003	50005			1200	1200	Assets/Product/Texture/Image/UiLotto/UiLottoCardWuqi.png	Assets/Product/Texture/Image/UiLotto/UiLottoCardHuodong.png	1200	Assets/Product/Texture/Image/UiLotto/UiLottoCardQicheng.png
27	50003	50005			1600	1600	Assets/Product/Texture/Image/UiLotto/UiLottoCardWuqi.png	Assets/Product/Texture/Image/UiLotto/UiLottoCardHuodong.png	1600	Assets/Product/Texture/Image/UiLotto/UiLottoCardQicheng.png
28	50003	50005			2000	2000	Assets/Product/Texture/Image/UiLotto/UiLottoCardWuqi.png	Assets/Product/Texture/Image/UiLotto/UiLottoCardHuodong.png	2000	Assets/Product/Texture/Image/UiLotto/UiLottoCardQicheng.png
29	50003	50005			2500	2500	Assets/Product/Texture/Image/UiLotto/UiLottoCardWuqi.png	Assets/Product/Texture/Image/UiLotto/UiLottoCardHuodong.png	2500	Assets/Product/Texture/Image/UiLotto/UiLottoCardQicheng.png
30	50003	50005			3150	3150	Assets/Product/Texture/Image/UiLotto/UiLottoCardWuqi.png	Assets/Product/Texture/Image/UiLotto/UiLottoCardHuodong.png	3150	Assets/Product/Texture/Image/UiLotto/UiLottoCardQicheng.png
31	50003	50005			50	50	Assets/Product/Texture/Image/UiLotto/UiLottoCardWuqi.png	Assets/Product/Texture/Image/UiLotto/UiLottoCardHuodong.png	50	Assets/Product/Texture/Image/UiLotto/UiLottoCardQicheng2.png
32	50003	50005			200	200	Assets/Product/Texture/Image/UiLotto/UiLottoCardWuqi.png	Assets/Product/Texture/Image/UiLotto/UiLottoCardHuodong.png	200	Assets/Product/Texture/Image/UiLotto/UiLottoCardQicheng2.png
33	50003	50005			400	400	Assets/Product/Texture/Image/UiLotto/UiLottoCardWuqi.png	Assets/Product/Texture/Image/UiLotto/UiLottoCardHuodong.png	400	Assets/Product/Texture/Image/UiLotto/UiLottoCardQicheng2.png
34	50003	50005			600	600	Assets/Product/Texture/Image/UiLotto/UiLottoCardWuqi.png	Assets/Product/Texture/Image/UiLotto/UiLottoCardHuodong.png	600	Assets/Product/Texture/Image/UiLotto/UiLottoCardQicheng2.png
35	50003	50005			800	800	Assets/Product/Texture/Image/UiLotto/UiLottoCardWuqi.png	Assets/Product/Texture/Image/UiLotto/UiLottoCardHuodong.png	800	Assets/Product/Texture/Image/UiLotto/UiLottoCardQicheng2.png
36	50003	50005			1200	1200	Assets/Product/Texture/Image/UiLotto/UiLottoCardWuqi.png	Assets/Product/Texture/Image/UiLotto/UiLottoCardHuodong.png	1200	Assets/Product/Texture/Image/UiLotto/UiLottoCardQicheng2.png
37	50003	50005			1600	1600	Assets/Product/Texture/Image/UiLotto/UiLottoCardWuqi.png	Assets/Product/Texture/Image/UiLotto/UiLottoCardHuodong.png	1600	Assets/Product/Texture/Image/UiLotto/UiLottoCardQicheng2.png
38	50003	50005			2000	2000	Assets/Product/Texture/Image/UiLotto/UiLottoCardWuqi.png	Assets/Product/Texture/Image/UiLotto/UiLottoCardHuodong.png	2000	Assets/Product/Texture/Image/UiLotto/UiLottoCardQicheng2.png
39	50003	50005			2500	2500	Assets/Product/Texture/Image/UiLotto/UiLottoCardWuqi.png	Assets/Product/Texture/Image/UiLotto/UiLottoCardHuodong.png	2500	Assets/Product/Texture/Image/UiLotto/UiLottoCardQicheng2.png
40	50003	50005			3150	3150	Assets/Product/Texture/Image/UiLotto/UiLottoCardWuqi.png	Assets/Product/Texture/Image/UiLotto/UiLottoCardHuodong.png	3150	Assets/Product/Texture/Image/UiLotto/UiLottoCardQicheng2.png
41	3	5		80% OFF	50	1	Assets/Product/Texture/Image/UiLotto/UiLottoCardHeika.png	Assets/Product/Texture/Image/UiLotto/UiLottoCardHongka.png	50	Assets/Product/Texture/Image/UiLotto/UiLottoCardEv23.png
42	3	5		70% OFF	100	3	Assets/Product/Texture/Image/UiLotto/UiLottoCardHeika.png	Assets/Product/Texture/Image/UiLotto/UiLottoCardHongka.png	100	Assets/Product/Texture/Image/UiLotto/UiLottoCardEv23.png
43	3	5		68% OFF	250	8	Assets/Product/Texture/Image/UiLotto/UiLottoCardHeika.png	Assets/Product/Texture/Image/UiLotto/UiLottoCardHongka.png	250	Assets/Product/Texture/Image/UiLotto/UiLottoCardEv23.png
44	3	5		67% OFF	400	13	Assets/Product/Texture/Image/UiLotto/UiLottoCardHeika.png	Assets/Product/Texture/Image/UiLotto/UiLottoCardHongka.png	400	Assets/Product/Texture/Image/UiLotto/UiLottoCardEv23.png
45	3	5		68% OFF	600	19	Assets/Product/Texture/Image/UiLotto/UiLottoCardHeika.png	Assets/Product/Texture/Image/UiLotto/UiLottoCardHongka.png	600	Assets/Product/Texture/Image/UiLotto/UiLottoCardEv23.png
46	3	5		67% OFF	800	26	Assets/Product/Texture/Image/UiLotto/UiLottoCardHeika.png	Assets/Product/Texture/Image/UiLotto/UiLottoCardHongka.png	800	Assets/Product/Texture/Image/UiLotto/UiLottoCardEv23.png
47	3	5		67% OFF	1200	39	Assets/Product/Texture/Image/UiLotto/UiLottoCardHeika.png	Assets/Product/Texture/Image/UiLotto/UiLottoCardHongka.png	1200	Assets/Product/Texture/Image/UiLotto/UiLottoCardEv23.png
48	3	5		67% OFF	1700	56	Assets/Product/Texture/Image/UiLotto/UiLottoCardHeika.png	Assets/Product/Texture/Image/UiLotto/UiLottoCardHongka.png	1700	Assets/Product/Texture/Image/UiLotto/UiLottoCardEv23.png
49	3	5		66% OFF	2200	73	Assets/Product/Texture/Image/UiLotto/UiLottoCardHeika.png	Assets/Product/Texture/Image/UiLotto/UiLottoCardHongka.png	2200	Assets/Product/Texture/Image/UiLotto/UiLottoCardEv23.png
50	3	5		66% OFF	2700	90	Assets/Product/Texture/Image/UiLotto/UiLottoCardHeika.png	Assets/Product/Texture/Image/UiLotto/UiLottoCardHongka.png	2700	Assets/Product/Texture/Image/UiLotto/UiLottoCardEv23.png
51	3	5		80% Off	50	1	Assets/Product/Texture/Image/UiLotto/UiLottoCardHeika.png	Assets/Product/Texture/Image/UiLotto/UiLottoCardHongka.png	50	Assets/Product/Texture/Image/UiLotto/UiLottoCardSummer.png
52	3	5		70% Off	100	3	Assets/Product/Texture/Image/UiLotto/UiLottoCardHeika.png	Assets/Product/Texture/Image/UiLotto/UiLottoCardHongka.png	100	Assets/Product/Texture/Image/UiLotto/UiLottoCardSummer.png
53	3	5		68% Off	250	8	Assets/Product/Texture/Image/UiLotto/UiLottoCardHeika.png	Assets/Product/Texture/Image/UiLotto/UiLottoCardHongka.png	250	Assets/Product/Texture/Image/UiLotto/UiLottoCardSummer.png
54	3	5		67% Off	400	13	Assets/Product/Texture/Image/UiLotto/UiLottoCardHeika.png	Assets/Product/Texture/Image/UiLotto/UiLottoCardHongka.png	400	Assets/Product/Texture/Image/UiLotto/UiLottoCardSummer.png
55	3	5		68% Off	600	19	Assets/Product/Texture/Image/UiLotto/UiLottoCardHeika.png	Assets/Product/Texture/Image/UiLotto/UiLottoCardHongka.png	600	Assets/Product/Texture/Image/UiLotto/UiLottoCardSummer.png
56	3	5		67% Off	800	26	Assets/Product/Texture/Image/UiLotto/UiLottoCardHeika.png	Assets/Product/Texture/Image/UiLotto/UiLottoCardHongka.png	800	Assets/Product/Texture/Image/UiLotto/UiLottoCardSummer.png
57	3	5		67% Off	1200	39	Assets/Product/Texture/Image/UiLotto/UiLottoCardHeika.png	Assets/Product/Texture/Image/UiLotto/UiLottoCardHongka.png	1200	Assets/Product/Texture/Image/UiLotto/UiLottoCardSummer.png
58	3	5		67% Off	1700	56	Assets/Product/Texture/Image/UiLotto/UiLottoCardHeika.png	Assets/Product/Texture/Image/UiLotto/UiLottoCardHongka.png	1700	Assets/Product/Texture/Image/UiLotto/UiLottoCardSummer.png
59	3	5		66% Off	2200	73	Assets/Product/Texture/Image/UiLotto/UiLottoCardHeika.png	Assets/Product/Texture/Image/UiLotto/UiLottoCardHongka.png	2200	Assets/Product/Texture/Image/UiLotto/UiLottoCardSummer.png
60	3	5		66% Off	2700	90	Assets/Product/Texture/Image/UiLotto/UiLottoCardHeika.png	Assets/Product/Texture/Image/UiLotto/UiLottoCardHongka.png	2700	Assets/Product/Texture/Image/UiLotto/UiLottoCardSummer.png
61	50003	50005			50	50	Assets/Product/Texture/Image/UiLotto/UiLottoCardWuqi.png	Assets/Product/Texture/Image/UiLotto/UiLottoCardHuodong.png	50	Assets/Product/Texture/Image/UiLotto/UiLottoCardQicheng3.png
62	50003	50005			200	200	Assets/Product/Texture/Image/UiLotto/UiLottoCardWuqi.png	Assets/Product/Texture/Image/UiLotto/UiLottoCardHuodong.png	200	Assets/Product/Texture/Image/UiLotto/UiLottoCardQicheng3.png
63	50003	50005			400	400	Assets/Product/Texture/Image/UiLotto/UiLottoCardWuqi.png	Assets/Product/Texture/Image/UiLotto/UiLottoCardHuodong.png	400	Assets/Product/Texture/Image/UiLotto/UiLottoCardQicheng3.png
64	50003	50005			600	600	Assets/Product/Texture/Image/UiLotto/UiLottoCardWuqi.png	Assets/Product/Texture/Image/UiLotto/UiLottoCardHuodong.png	600	Assets/Product/Texture/Image/UiLotto/UiLottoCardQicheng3.png
65	50003	50005			800	800	Assets/Product/Texture/Image/UiLotto/UiLottoCardWuqi.png	Assets/Product/Texture/Image/UiLotto/UiLottoCardHuodong.png	800	Assets/Product/Texture/Image/UiLotto/UiLottoCardQicheng3.png
66	50003	50005			1200	1200	Assets/Product/Texture/Image/UiLotto/UiLottoCardWuqi.png	Assets/Product/Texture/Image/UiLotto/UiLottoCardHuodong.png	1200	Assets/Product/Texture/Image/UiLotto/UiLottoCardQicheng3.png
67	50003	50005			1600	1600	Assets/Product/Texture/Image/UiLotto/UiLottoCardWuqi.png	Assets/Product/Texture/Image/UiLotto/UiLottoCardHuodong.png	1600	Assets/Product/Texture/Image/UiLotto/UiLottoCardQicheng3.png
68	50003	50005			2000	2000	Assets/Product/Texture/Image/UiLotto/UiLottoCardWuqi.png	Assets/Product/Texture/Image/UiLotto/UiLottoCardHuodong.png	2000	Assets/Product/Texture/Image/UiLotto/UiLottoCardQicheng3.png
69	50003	50005			2500	2500	Assets/Product/Texture/Image/UiLotto/UiLottoCardWuqi.png	Assets/Product/Texture/Image/UiLotto/UiLottoCardHuodong.png	2500	Assets/Product/Texture/Image/UiLotto/UiLottoCardQicheng3.png
70	50003	50005			3150	3150	Assets/Product/Texture/Image/UiLotto/UiLottoCardWuqi.png	Assets/Product/Texture/Image/UiLotto/UiLottoCardHuodong.png	3150	Assets/Product/Texture/Image/UiLotto/UiLottoCardQicheng3.png
71	3	5		80% OFF	50	1	Assets/Product/Texture/Image/UiLotto/UiLottoCardHeika.png	Assets/Product/Texture/Image/UiLotto/UiLottoCardHongka.png	50	Assets/Product/Texture/Image/UiLotto/UiLottoCardAzure.png
72	3	5		70% OFF	100	3	Assets/Product/Texture/Image/UiLotto/UiLottoCardHeika.png	Assets/Product/Texture/Image/UiLotto/UiLottoCardHongka.png	100	Assets/Product/Texture/Image/UiLotto/UiLottoCardAzure.png
73	3	5		68% OFF	250	8	Assets/Product/Texture/Image/UiLotto/UiLottoCardHeika.png	Assets/Product/Texture/Image/UiLotto/UiLottoCardHongka.png	250	Assets/Product/Texture/Image/UiLotto/UiLottoCardAzure.png
74	3	5		67% OFF	400	13	Assets/Product/Texture/Image/UiLotto/UiLottoCardHeika.png	Assets/Product/Texture/Image/UiLotto/UiLottoCardHongka.png	400	Assets/Product/Texture/Image/UiLotto/UiLottoCardAzure.png
75	3	5		68% OFF	600	19	Assets/Product/Texture/Image/UiLotto/UiLottoCardHeika.png	Assets/Product/Texture/Image/UiLotto/UiLottoCardHongka.png	600	Assets/Product/Texture/Image/UiLotto/UiLottoCardAzure.png
76	3	5		67% OFF	800	26	Assets/Product/Texture/Image/UiLotto/UiLottoCardHeika.png	Assets/Product/Texture/Image/UiLotto/UiLottoCardHongka.png	800	Assets/Product/Texture/Image/UiLotto/UiLottoCardAzure.png
77	3	5		67% OFF	1200	39	Assets/Product/Texture/Image/UiLotto/UiLottoCardHeika.png	Assets/Product/Texture/Image/UiLotto/UiLottoCardHongka.png	1200	Assets/Product/Texture/Image/UiLotto/UiLottoCardAzure.png
78	3	5		67% OFF	1700	56	Assets/Product/Texture/Image/UiLotto/UiLottoCardHeika.png	Assets/Product/Texture/Image/UiLotto/UiLottoCardHongka.png	1700	Assets/Product/Texture/Image/UiLotto/UiLottoCardAzure.png
79	3	5		66% OFF	2200	73	Assets/Product/Texture/Image/UiLotto/UiLottoCardHeika.png	Assets/Product/Texture/Image/UiLotto/UiLottoCardHongka.png	2200	Assets/Product/Texture/Image/UiLotto/UiLottoCardAzure.png
80	3	5		66% OFF	2700	90	Assets/Product/Texture/Image/UiLotto/UiLottoCardHeika.png	Assets/Product/Texture/Image/UiLotto/UiLottoCardHongka.png	2700	Assets/Product/Texture/Image/UiLotto/UiLottoCardAzure.png
81	3	5		80% OFF	50	1	Assets/Product/Texture/Image/UiLotto/UiLottoCardHeika.png	Assets/Product/Texture/Image/UiLotto/UiLottoCardHongka.png	50	Assets/Product/Texture/Image/UiLotto/UiLottoCardEv32.png
82	3	5		70% OFF	100	3	Assets/Product/Texture/Image/UiLotto/UiLottoCardHeika.png	Assets/Product/Texture/Image/UiLotto/UiLottoCardHongka.png	100	Assets/Product/Texture/Image/UiLotto/UiLottoCardEv32.png
83	3	5		68% OFF	250	8	Assets/Product/Texture/Image/UiLotto/UiLottoCardHeika.png	Assets/Product/Texture/Image/UiLotto/UiLottoCardHongka.png	250	Assets/Product/Texture/Image/UiLotto/UiLottoCardEv32.png
84	3	5		67% OFF	400	13	Assets/Product/Texture/Image/UiLotto/UiLottoCardHeika.png	Assets/Product/Texture/Image/UiLotto/UiLottoCardHongka.png	400	Assets/Product/Texture/Image/UiLotto/UiLottoCardEv32.png
85	3	5		68% OFF	600	19	Assets/Product/Texture/Image/UiLotto/UiLottoCardHeika.png	Assets/Product/Texture/Image/UiLotto/UiLottoCardHongka.png	600	Assets/Product/Texture/Image/UiLotto/UiLottoCardEv32.png
86	3	5		67% OFF	800	26	Assets/Product/Texture/Image/UiLotto/UiLottoCardHeika.png	Assets/Product/Texture/Image/UiLotto/UiLottoCardHongka.png	800	Assets/Product/Texture/Image/UiLotto/UiLottoCardEv32.png
87	3	5		67% OFF	1200	39	Assets/Product/Texture/Image/UiLotto/UiLottoCardHeika.png	Assets/Product/Texture/Image/UiLotto/UiLottoCardHongka.png	1200	Assets/Product/Texture/Image/UiLotto/UiLottoCardEv32.png
88	3	5		67% OFF	1700	56	Assets/Product/Texture/Image/UiLotto/UiLottoCardHeika.png	Assets/Product/Texture/Image/UiLotto/UiLottoCardHongka.png	1700	Assets/Product/Texture/Image/UiLotto/UiLottoCardEv32.png
89	3	5		66% OFF	2200	73	Assets/Product/Texture/Image/UiLotto/UiLottoCardHeika.png	Assets/Product/Texture/Image/UiLotto/UiLottoCardHongka.png	2200	Assets/Product/Texture/Image/UiLotto/UiLottoCardEv32.png
90	3	5		66% OFF	2700	90	Assets/Product/Texture/Image/UiLotto/UiLottoCardHeika.png	Assets/Product/Texture/Image/UiLotto/UiLottoCardHongka.png	2700	Assets/Product/Texture/Image/UiLotto/UiLottoCardEv32.png
91	3	5		80% OFF	50	1	Assets/Product/Texture/Image/UiLotto/UiLottoCardHeika.png	Assets/Product/Texture/Image/UiLotto/UiLottoCardHongka.png	50	Assets/Product/Texture/Image/UiLotto/UiLottoCardEv209.png
92	3	5		70% OFF	100	3	Assets/Product/Texture/Image/UiLotto/UiLottoCardHeika.png	Assets/Product/Texture/Image/UiLotto/UiLottoCardHongka.png	100	Assets/Product/Texture/Image/UiLotto/UiLottoCardEv209.png
93	3	5		68% OFF	250	8	Assets/Product/Texture/Image/UiLotto/UiLottoCardHeika.png	Assets/Product/Texture/Image/UiLotto/UiLottoCardHongka.png	250	Assets/Product/Texture/Image/UiLotto/UiLottoCardEv209.png
94	3	5		67% OFF	400	13	Assets/Product/Texture/Image/UiLotto/UiLottoCardHeika.png	Assets/Product/Texture/Image/UiLotto/UiLottoCardHongka.png	400	Assets/Product/Texture/Image/UiLotto/UiLottoCardEv209.png
95	3	5		68% OFF	600	19	Assets/Product/Texture/Image/UiLotto/UiLottoCardHeika.png	Assets/Product/Texture/Image/UiLotto/UiLottoCardHongka.png	600	Assets/Product/Texture/Image/UiLotto/UiLottoCardEv209.png
96	3	5		67% OFF	800	26	Assets/Product/Texture/Image/UiLotto/UiLottoCardHeika.png	Assets/Product/Texture/Image/UiLotto/UiLottoCardHongka.png	800	Assets/Product/Texture/Image/UiLotto/UiLottoCardEv209.png
97	3	5		67% OFF	1200	39	Assets/Product/Texture/Image/UiLotto/UiLottoCardHeika.png	Assets/Product/Texture/Image/UiLotto/UiLottoCardHongka.png	1200	Assets/Product/Texture/Image/UiLotto/UiLottoCardEv209.png
98	3	5		67% OFF	1700	56	Assets/Product/Texture/Image/UiLotto/UiLottoCardHeika.png	Assets/Product/Texture/Image/UiLotto/UiLottoCardHongka.png	1700	Assets/Product/Texture/Image/UiLotto/UiLottoCardEv209.png
99	3	5		66% OFF	2200	73	Assets/Product/Texture/Image/UiLotto/UiLottoCardHeika.png	Assets/Product/Texture/Image/UiLotto/UiLottoCardHongka.png	2200	Assets/Product/Texture/Image/UiLotto/UiLottoCardEv209.png
100	3	5		66% OFF	2700	90	Assets/Product/Texture/Image/UiLotto/UiLottoCardHeika.png	Assets/Product/Texture/Image/UiLotto/UiLottoCardHongka.png	2700	Assets/Product/Texture/Image/UiLotto/UiLottoCardEv209.png
101	3	5		80% OFF	50	1	Assets/Product/Texture/Image/UiLotto/UiLottoCardHeika.png	Assets/Product/Texture/Image/UiLotto/UiLottoCardHongka.png	50	Assets/Product/Texture/Image/UiLotto/UiLottoCardEv23.png
102	3	5		70% OFF	100	3	Assets/Product/Texture/Image/UiLotto/UiLottoCardHeika.png	Assets/Product/Texture/Image/UiLotto/UiLottoCardHongka.png	100	Assets/Product/Texture/Image/UiLotto/UiLottoCardEv23.png
103	3	5		68% OFF	250	8	Assets/Product/Texture/Image/UiLotto/UiLottoCardHeika.png	Assets/Product/Texture/Image/UiLotto/UiLottoCardHongka.png	250	Assets/Product/Texture/Image/UiLotto/UiLottoCardEv23.png
104	3	5		67% OFF	400	13	Assets/Product/Texture/Image/UiLotto/UiLottoCardHeika.png	Assets/Product/Texture/Image/UiLotto/UiLottoCardHongka.png	400	Assets/Product/Texture/Image/UiLotto/UiLottoCardEv23.png
105	3	5		68% OFF	600	19	Assets/Product/Texture/Image/UiLotto/UiLottoCardHeika.png	Assets/Product/Texture/Image/UiLotto/UiLottoCardHongka.png	600	Assets/Product/Texture/Image/UiLotto/UiLottoCardEv23.png
106	3	5		67% OFF	800	26	Assets/Product/Texture/Image/UiLotto/UiLottoCardHeika.png	Assets/Product/Texture/Image/UiLotto/UiLottoCardHongka.png	800	Assets/Product/Texture/Image/UiLotto/UiLottoCardEv23.png
107	3	5		67% OFF	1200	39	Assets/Product/Texture/Image/UiLotto/UiLottoCardHeika.png	Assets/Product/Texture/Image/UiLotto/UiLottoCardHongka.png	1200	Assets/Product/Texture/Image/UiLotto/UiLottoCardEv23.png
108	3	5		67% OFF	1700	56	Assets/Product/Texture/Image/UiLotto/UiLottoCardHeika.png	Assets/Product/Texture/Image/UiLotto/UiLottoCardHongka.png	1700	Assets/Product/Texture/Image/UiLotto/UiLottoCardEv23.png
109	3	5		66% OFF	2200	73	Assets/Product/Texture/Image/UiLotto/UiLottoCardHeika.png	Assets/Product/Texture/Image/UiLotto/UiLottoCardHongka.png	2200	Assets/Product/Texture/Image/UiLotto/UiLottoCardEv23.png
110	3	5		66% OFF	2700	90	Assets/Product/Texture/Image/UiLotto/UiLottoCardHeika.png	Assets/Product/Texture/Image/UiLotto/UiLottoCardHongka.png	2700	Assets/Product/Texture/Image/UiLotto/UiLottoCardEv23.png
111	50003	50005			50	50	Assets/Product/Texture/Image/UiLotto/UiLottoCardWuqi.png	Assets/Product/Texture/Image/UiLotto/UiLottoCardHuodong.png	50	Assets/Product/Texture/Image/UiLotto/UiLottoCardQicheng4.png
112	50003	50005			200	200	Assets/Product/Texture/Image/UiLotto/UiLottoCardWuqi.png	Assets/Product/Texture/Image/UiLotto/UiLottoCardHuodong.png	200	Assets/Product/Texture/Image/UiLotto/UiLottoCardQicheng4.png
113	50003	50005			400	400	Assets/Product/Texture/Image/UiLotto/UiLottoCardWuqi.png	Assets/Product/Texture/Image/UiLotto/UiLottoCardHuodong.png	400	Assets/Product/Texture/Image/UiLotto/UiLottoCardQicheng4.png
114	50003	50005			600	600	Assets/Product/Texture/Image/UiLotto/UiLottoCardWuqi.png	Assets/Product/Texture/Image/UiLotto/UiLottoCardHuodong.png	600	Assets/Product/Texture/Image/UiLotto/UiLottoCardQicheng4.png
115	50003	50005			800	800	Assets/Product/Texture/Image/UiLotto/UiLottoCardWuqi.png	Assets/Product/Texture/Image/UiLotto/UiLottoCardHuodong.png	800	Assets/Product/Texture/Image/UiLotto/UiLottoCardQicheng4.png
116	50003	50005			1200	1200	Assets/Product/Texture/Image/UiLotto/UiLottoCardWuqi.png	Assets/Product/Texture/Image/UiLotto/UiLottoCardHuodong.png	1200	Assets/Product/Texture/Image/UiLotto/UiLottoCardQicheng4.png
117	50003	50005			1600	1600	Assets/Product/Texture/Image/UiLotto/UiLottoCardWuqi.png	Assets/Product/Texture/Image/UiLotto/UiLottoCardHuodong.png	1600	Assets/Product/Texture/Image/UiLotto/UiLottoCardQicheng4.png
118	50003	50005			2000	2000	Assets/Product/Texture/Image/UiLotto/UiLottoCardWuqi.png	Assets/Product/Texture/Image/UiLotto/UiLottoCardHuodong.png	2000	Assets/Product/Texture/Image/UiLotto/UiLottoCardQicheng4.png
119	50003	50005			2500	2500	Assets/Product/Texture/Image/UiLotto/UiLottoCardWuqi.png	Assets/Product/Texture/Image/UiLotto/UiLottoCardHuodong.png	2500	Assets/Product/Texture/Image/UiLotto/UiLottoCardQicheng4.png
120	50003	50005			3150	3150	Assets/Product/Texture/Image/UiLotto/UiLottoCardWuqi.png	Assets/Product/Texture/Image/UiLotto/UiLottoCardHuodong.png	3150	Assets/Product/Texture/Image/UiLotto/UiLottoCardQicheng4.png
121	3	5		80% off	50	1	Assets/Product/Texture/Image/UiLotto/UiLottoCardHeika.png	Assets/Product/Texture/Image/UiLotto/UiLottoCardHongka.png	50	Assets/Product/Texture/Image/UiLotto/UiLottoCardEv32.png
122	3	5		70% off	100	3	Assets/Product/Texture/Image/UiLotto/UiLottoCardHeika.png	Assets/Product/Texture/Image/UiLotto/UiLottoCardHongka.png	100	Assets/Product/Texture/Image/UiLotto/UiLottoCardEv32.png
123	3	5		68% off	250	8	Assets/Product/Texture/Image/UiLotto/UiLottoCardHeika.png	Assets/Product/Texture/Image/UiLotto/UiLottoCardHongka.png	250	Assets/Product/Texture/Image/UiLotto/UiLottoCardEv32.png
124	3	5		67% off	400	13	Assets/Product/Texture/Image/UiLotto/UiLottoCardHeika.png	Assets/Product/Texture/Image/UiLotto/UiLottoCardHongka.png	400	Assets/Product/Texture/Image/UiLotto/UiLottoCardEv32.png
125	3	5		68% off	600	19	Assets/Product/Texture/Image/UiLotto/UiLottoCardHeika.png	Assets/Product/Texture/Image/UiLotto/UiLottoCardHongka.png	600	Assets/Product/Texture/Image/UiLotto/UiLottoCardEv32.png
126	3	5		67% off	800	26	Assets/Product/Texture/Image/UiLotto/UiLottoCardHeika.png	Assets/Product/Texture/Image/UiLotto/UiLottoCardHongka.png	800	Assets/Product/Texture/Image/UiLotto/UiLottoCardEv32.png
127	3	5		67% off	1200	39	Assets/Product/Texture/Image/UiLotto/UiLottoCardHeika.png	Assets/Product/Texture/Image/UiLotto/UiLottoCardHongka.png	1200	Assets/Product/Texture/Image/UiLotto/UiLottoCardEv32.png
128	3	5		67% off	1700	56	Assets/Product/Texture/Image/UiLotto/UiLottoCardHeika.png	Assets/Product/Texture/Image/UiLotto/UiLottoCardHongka.png	1700	Assets/Product/Texture/Image/UiLotto/UiLottoCardEv32.png
129	3	5		66% off	2200	73	Assets/Product/Texture/Image/UiLotto/UiLottoCardHeika.png	Assets/Product/Texture/Image/UiLotto/UiLottoCardHongka.png	2200	Assets/Product/Texture/Image/UiLotto/UiLottoCardEv32.png
130	3	5		66% off	2700	90	Assets/Product/Texture/Image/UiLotto/UiLottoCardHeika.png	Assets/Product/Texture/Image/UiLotto/UiLottoCardHongka.png	2700	Assets/Product/Texture/Image/UiLotto/UiLottoCardEv32.png
131	50003	50005			50	50	Assets/Product/Texture/Image/UiLotto/UiLottoCardWuqi.png	Assets/Product/Texture/Image/UiLotto/UiLottoCardHuodong.png	50	Assets/Product/Texture/Image/UiLotto/UiLottoCardQicheng5.png
132	50003	50005			200	200	Assets/Product/Texture/Image/UiLotto/UiLottoCardWuqi.png	Assets/Product/Texture/Image/UiLotto/UiLottoCardHuodong.png	200	Assets/Product/Texture/Image/UiLotto/UiLottoCardQicheng5.png
133	50003	50005			400	400	Assets/Product/Texture/Image/UiLotto/UiLottoCardWuqi.png	Assets/Product/Texture/Image/UiLotto/UiLottoCardHuodong.png	400	Assets/Product/Texture/Image/UiLotto/UiLottoCardQicheng5.png
134	50003	50005			600	600	Assets/Product/Texture/Image/UiLotto/UiLottoCardWuqi.png	Assets/Product/Texture/Image/UiLotto/UiLottoCardHuodong.png	600	Assets/Product/Texture/Image/UiLotto/UiLottoCardQicheng5.png
135	50003	50005			800	800	Assets/Product/Texture/Image/UiLotto/UiLottoCardWuqi.png	Assets/Product/Texture/Image/UiLotto/UiLottoCardHuodong.png	800	Assets/Product/Texture/Image/UiLotto/UiLottoCardQicheng5.png
136	50003	50005			1200	1200	Assets/Product/Texture/Image/UiLotto/UiLottoCardWuqi.png	Assets/Product/Texture/Image/UiLotto/UiLottoCardHuodong.png	1200	Assets/Product/Texture/Image/UiLotto/UiLottoCardQicheng5.png
137	50003	50005			1600	1600	Assets/Product/Texture/Image/UiLotto/UiLottoCardWuqi.png	Assets/Product/Texture/Image/UiLotto/UiLottoCardHuodong.png	1600	Assets/Product/Texture/Image/UiLotto/UiLottoCardQicheng5.png
138	50003	50005			2000	2000	Assets/Product/Texture/Image/UiLotto/UiLottoCardWuqi.png	Assets/Product/Texture/Image/UiLotto/UiLottoCardHuodong.png	2000	Assets/Product/Texture/Image/UiLotto/UiLottoCardQicheng5.png
139	50003	50005			2500	2500	Assets/Product/Texture/Image/UiLotto/UiLottoCardWuqi.png	Assets/Product/Texture/Image/UiLotto/UiLottoCardHuodong.png	2500	Assets/Product/Texture/Image/UiLotto/UiLottoCardQicheng5.png
140	50003	50005			3150	3150	Assets/Product/Texture/Image/UiLotto/UiLottoCardWuqi.png	Assets/Product/Texture/Image/UiLotto/UiLottoCardHuodong.png	3150	Assets/Product/Texture/Image/UiLotto/UiLottoCardQicheng5.png
141	50005	3			100	100	Assets/Product/Texture/Image/UiLotto/UiLottoCardHuodong.png	Assets/Product/Texture/Image/UiLotto/UiLottoCardHeika.png	100	Assets/Product/Texture/Image/UiWheelChairManual/IconWheelchairItem01.png
142	50005	3			250	250	Assets/Product/Texture/Image/UiLotto/UiLottoCardHuodong.png	Assets/Product/Texture/Image/UiLotto/UiLottoCardHeika.png	250	Assets/Product/Texture/Image/UiWheelChairManual/IconWheelchairItem01.png
143	50005	3			400	400	Assets/Product/Texture/Image/UiLotto/UiLottoCardHuodong.png	Assets/Product/Texture/Image/UiLotto/UiLottoCardHeika.png	400	Assets/Product/Texture/Image/UiWheelChairManual/IconWheelchairItem01.png
144	50005	3			750	750	Assets/Product/Texture/Image/UiLotto/UiLottoCardHuodong.png	Assets/Product/Texture/Image/UiLotto/UiLottoCardHeika.png	750	Assets/Product/Texture/Image/UiWheelChairManual/IconWheelchairItem01.png
145	50005	3			1000	1000	Assets/Product/Texture/Image/UiLotto/UiLottoCardHuodong.png	Assets/Product/Texture/Image/UiLotto/UiLottoCardHeika.png	1000	Assets/Product/Texture/Image/UiWheelChairManual/IconWheelchairItem01.png
146	50005	3			1500	1500	Assets/Product/Texture/Image/UiLotto/UiLottoCardHuodong.png	Assets/Product/Texture/Image/UiLotto/UiLottoCardHeika.png	1500	Assets/Product/Texture/Image/UiWheelChairManual/IconWheelchairItem01.png
147	50005	3			2000	2000	Assets/Product/Texture/Image/UiLotto/UiLottoCardHuodong.png	Assets/Product/Texture/Image/UiLotto/UiLottoCardHeika.png	2000	Assets/Product/Texture/Image/UiWheelChairManual/IconWheelchairItem01.png
148	50005	3			2500	2500	Assets/Product/Texture/Image/UiLotto/UiLottoCardHuodong.png	Assets/Product/Texture/Image/UiLotto/UiLottoCardHeika.png	2500	Assets/Product/Texture/Image/UiWheelChairManual/IconWheelchairItem01.png
149	50005	3			3000	3000	Assets/Product/Texture/Image/UiLotto/UiLottoCardHuodong.png	Assets/Product/Texture/Image/UiLotto/UiLottoCardHeika.png	3000	Assets/Product/Texture/Image/UiWheelChairManual/IconWheelchairItem01.png
150	50005	3			3500	3500	Assets/Product/Texture/Image/UiLotto/UiLottoCardHuodong.png	Assets/Product/Texture/Image/UiLotto/UiLottoCardHeika.png	3500	Assets/Product/Texture/Image/UiWheelChairManual/IconWheelchairItem01.png
151	3	5		80% off	50	1	Assets/Product/Texture/Image/UiLotto/UiLottoCardHeika.png	Assets/Product/Texture/Image/UiLotto/UiLottoCardHongka.png	50	Assets/Product/Texture/Image/UiLotto/UiLottoCardEv300.png
152	3	5		70% off	100	3	Assets/Product/Texture/Image/UiLotto/UiLottoCardHeika.png	Assets/Product/Texture/Image/UiLotto/UiLottoCardHongka.png	100	Assets/Product/Texture/Image/UiLotto/UiLottoCardEv300.png
153	3	5		68% off	250	8	Assets/Product/Texture/Image/UiLotto/UiLottoCardHeika.png	Assets/Product/Texture/Image/UiLotto/UiLottoCardHongka.png	250	Assets/Product/Texture/Image/UiLotto/UiLottoCardEv300.png
154	3	5		67% off	400	13	Assets/Product/Texture/Image/UiLotto/UiLottoCardHeika.png	Assets/Product/Texture/Image/UiLotto/UiLottoCardHongka.png	400	Assets/Product/Texture/Image/UiLotto/UiLottoCardEv300.png
155	3	5		68% off	600	19	Assets/Product/Texture/Image/UiLotto/UiLottoCardHeika.png	Assets/Product/Texture/Image/UiLotto/UiLottoCardHongka.png	600	Assets/Product/Texture/Image/UiLotto/UiLottoCardEv300.png
156	3	5		67% off	800	26	Assets/Product/Texture/Image/UiLotto/UiLottoCardHeika.png	Assets/Product/Texture/Image/UiLotto/UiLottoCardHongka.png	800	Assets/Product/Texture/Image/UiLotto/UiLottoCardEv300.png
157	3	5		67% off	1200	39	Assets/Product/Texture/Image/UiLotto/UiLottoCardHeika.png	Assets/Product/Texture/Image/UiLotto/UiLottoCardHongka.png	1200	Assets/Product/Texture/Image/UiLotto/UiLottoCardEv300.png
158	3	5		67% off	1700	56	Assets/Product/Texture/Image/UiLotto/UiLottoCardHeika.png	Assets/Product/Texture/Image/UiLotto/UiLottoCardHongka.png	1700	Assets/Product/Texture/Image/UiLotto/UiLottoCardEv300.png
159	3	5		66% off	2200	73	Assets/Product/Texture/Image/UiLotto/UiLottoCardHeika.png	Assets/Product/Texture/Image/UiLotto/UiLottoCardHongka.png	2200	Assets/Product/Texture/Image/UiLotto/UiLottoCardEv300.png
160	3	5		66% off	2700	90	Assets/Product/Texture/Image/UiLotto/UiLottoCardHeika.png	Assets/Product/Texture/Image/UiLotto/UiLottoCardHongka.png	2700	Assets/Product/Texture/Image/UiLotto/UiLottoCardEv300.png
171	50003	50005			50	50	Assets/Product/Texture/Image/UiLotto/UiLottoCardWuqi.png	Assets/Product/Texture/Image/UiLotto/UiLottoCardHuodong.png	50	Assets/Product/Texture/Image/UiLotto/UiLottoCardQicheng6.png
172	50003	50005			200	200	Assets/Product/Texture/Image/UiLotto/UiLottoCardWuqi.png	Assets/Product/Texture/Image/UiLotto/UiLottoCardHuodong.png	200	Assets/Product/Texture/Image/UiLotto/UiLottoCardQicheng6.png
173	50003	50005			400	400	Assets/Product/Texture/Image/UiLotto/UiLottoCardWuqi.png	Assets/Product/Texture/Image/UiLotto/UiLottoCardHuodong.png	400	Assets/Product/Texture/Image/UiLotto/UiLottoCardQicheng6.png
174	50003	50005			600	600	Assets/Product/Texture/Image/UiLotto/UiLottoCardWuqi.png	Assets/Product/Texture/Image/UiLotto/UiLottoCardHuodong.png	600	Assets/Product/Texture/Image/UiLotto/UiLottoCardQicheng6.png
175	50003	50005			800	800	Assets/Product/Texture/Image/UiLotto/UiLottoCardWuqi.png	Assets/Product/Texture/Image/UiLotto/UiLottoCardHuodong.png	800	Assets/Product/Texture/Image/UiLotto/UiLottoCardQicheng6.png
176	50003	50005			1200	1200	Assets/Product/Texture/Image/UiLotto/UiLottoCardWuqi.png	Assets/Product/Texture/Image/UiLotto/UiLottoCardHuodong.png	1200	Assets/Product/Texture/Image/UiLotto/UiLottoCardQicheng6.png
177	50003	50005			1600	1600	Assets/Product/Texture/Image/UiLotto/UiLottoCardWuqi.png	Assets/Product/Texture/Image/UiLotto/UiLottoCardHuodong.png	1600	Assets/Product/Texture/Image/UiLotto/UiLottoCardQicheng6.png
178	50003	50005			2000	2000	Assets/Product/Texture/Image/UiLotto/UiLottoCardWuqi.png	Assets/Product/Texture/Image/UiLotto/UiLottoCardHuodong.png	2000	Assets/Product/Texture/Image/UiLotto/UiLottoCardQicheng6.png
179	50003	50005			2500	2500	Assets/Product/Texture/Image/UiLotto/UiLottoCardWuqi.png	Assets/Product/Texture/Image/UiLotto/UiLottoCardHuodong.png	2500	Assets/Product/Texture/Image/UiLotto/UiLottoCardQicheng6.png
180	50003	50005			3150	3150	Assets/Product/Texture/Image/UiLotto/UiLottoCardWuqi.png	Assets/Product/Texture/Image/UiLotto/UiLottoCardHuodong.png	3150	Assets/Product/Texture/Image/UiLotto/UiLottoCardQicheng6.png
110001	3	5		80% Off	50	1	Assets/Product/Texture/Image/UiLotto/UiLottoCardHeika.png	Assets/Product/Texture/Image/UiLotto/UiLottoCardHongka.png	50	Assets/Product/Texture/Image/UiLotto/UiLottoCardNewyear.png
110002	3	5		70% Off	100	3	Assets/Product/Texture/Image/UiLotto/UiLottoCardHeika.png	Assets/Product/Texture/Image/UiLotto/UiLottoCardHongka.png	100	Assets/Product/Texture/Image/UiLotto/UiLottoCardNewyear.png
110003	3	5		68% Off	250	8	Assets/Product/Texture/Image/UiLotto/UiLottoCardHeika.png	Assets/Product/Texture/Image/UiLotto/UiLottoCardHongka.png	250	Assets/Product/Texture/Image/UiLotto/UiLottoCardNewyear.png
110004	3	5		67% Off	400	13	Assets/Product/Texture/Image/UiLotto/UiLottoCardHeika.png	Assets/Product/Texture/Image/UiLotto/UiLottoCardHongka.png	400	Assets/Product/Texture/Image/UiLotto/UiLottoCardNewyear.png
110005	3	5		68% Off	600	19	Assets/Product/Texture/Image/UiLotto/UiLottoCardHeika.png	Assets/Product/Texture/Image/UiLotto/UiLottoCardHongka.png	600	Assets/Product/Texture/Image/UiLotto/UiLottoCardNewyear.png
110006	3	5		67% Off	800	26	Assets/Product/Texture/Image/UiLotto/UiLottoCardHeika.png	Assets/Product/Texture/Image/UiLotto/UiLottoCardHongka.png	800	Assets/Product/Texture/Image/UiLotto/UiLottoCardNewyear.png
110007	3	5		67% Off	1200	39	Assets/Product/Texture/Image/UiLotto/UiLottoCardHeika.png	Assets/Product/Texture/Image/UiLotto/UiLottoCardHongka.png	1200	Assets/Product/Texture/Image/UiLotto/UiLottoCardNewyear.png
110008	3	5		67% Off	1700	56	Assets/Product/Texture/Image/UiLotto/UiLottoCardHeika.png	Assets/Product/Texture/Image/UiLotto/UiLottoCardHongka.png	1700	Assets/Product/Texture/Image/UiLotto/UiLottoCardNewyear.png
110009	3	5		66% Off	2200	73	Assets/Product/Texture/Image/UiLotto/UiLottoCardHeika.png	Assets/Product/Texture/Image/UiLotto/UiLottoCardHongka.png	2200	Assets/Product/Texture/Image/UiLotto/UiLottoCardNewyear.png
110010	3	5		66% Off	2700	90	Assets/Product/Texture/Image/UiLotto/UiLottoCardHeika.png	Assets/Product/Texture/Image/UiLotto/UiLottoCardHongka.png	2700	Assets/Product/Texture/Image/UiLotto/UiLottoCardNewyear.png
181	3	5		80% OFF	50	1	Assets/Product/Texture/Image/UiLotto/UiLottoCardHeika.png	Assets/Product/Texture/Image/UiLotto/UiLottoCardHongka.png	50	Assets/Product/Texture/Image/UiLotto/UiLottoCardEv400.png
182	3	5		70% OFF	100	3	Assets/Product/Texture/Image/UiLotto/UiLottoCardHeika.png	Assets/Product/Texture/Image/UiLotto/UiLottoCardHongka.png	100	Assets/Product/Texture/Image/UiLotto/UiLottoCardEv400.png
183	3	5		68% OFF	250	8	Assets/Product/Texture/Image/UiLotto/UiLottoCardHeika.png	Assets/Product/Texture/Image/UiLotto/UiLottoCardHongka.png	250	Assets/Product/Texture/Image/UiLotto/UiLottoCardEv400.png
184	3	5		67% Off	400	13	Assets/Product/Texture/Image/UiLotto/UiLottoCardHeika.png	Assets/Product/Texture/Image/UiLotto/UiLottoCardHongka.png	400	Assets/Product/Texture/Image/UiLotto/UiLottoCardEv400.png
185	3	5		68% OFF	600	19	Assets/Product/Texture/Image/UiLotto/UiLottoCardHeika.png	Assets/Product/Texture/Image/UiLotto/UiLottoCardHongka.png	600	Assets/Product/Texture/Image/UiLotto/UiLottoCardEv400.png
186	3	5		67% Off	800	26	Assets/Product/Texture/Image/UiLotto/UiLottoCardHeika.png	Assets/Product/Texture/Image/UiLotto/UiLottoCardHongka.png	800	Assets/Product/Texture/Image/UiLotto/UiLottoCardEv400.png
187	3	5		67% Off	1200	39	Assets/Product/Texture/Image/UiLotto/UiLottoCardHeika.png	Assets/Product/Texture/Image/UiLotto/UiLottoCardHongka.png	1200	Assets/Product/Texture/Image/UiLotto/UiLottoCardEv400.png
188	3	5		67% Off	1700	56	Assets/Product/Texture/Image/UiLotto/UiLottoCardHeika.png	Assets/Product/Texture/Image/UiLotto/UiLottoCardHongka.png	1700	Assets/Product/Texture/Image/UiLotto/UiLottoCardEv400.png
189	3	5		66% off	2200	73	Assets/Product/Texture/Image/UiLotto/UiLottoCardHeika.png	Assets/Product/Texture/Image/UiLotto/UiLottoCardHongka.png	2200	Assets/Product/Texture/Image/UiLotto/UiLottoCardEv400.png
190	3	5		66% off	2700	90	Assets/Product/Texture/Image/UiLotto/UiLottoCardHeika.png	Assets/Product/Texture/Image/UiLotto/UiLottoCardHongka.png	2700	Assets/Product/Texture/Image/UiLotto/UiLottoCardEv400.png
