Id	StageDetailType	TransformCondition	TransformStageId	Ignore	UnlockCondition	ProgressConditions	ProgressGreyBg	ProgressBg	AchievementTpyes[1]	AchievementTpyes[2]	AchievementTpyes[3]	AchievementTpyes[4]	AchievementNames[1]	AchievementNames[2]	AchievementNames[3]	AchievementNames[4]	AchievementDescs[1]	AchievementDescs[2]	AchievementDescs[3]	AchievementDescs[4]	AchievementBriefDescs[1]	AchievementBriefDescs[2]	AchievementBriefDescs[3]	AchievementBriefDescs[4]	AchievementUndoneDescs[1]	AchievementUndoneDescs[2]	AchievementUndoneDescs[3]	AchievementUndoneDescs[4]	VideoIds[1]	VideoConditions	Specialorder	MonsterHeads[1]	MonsterHeads[2]	MonsterReplaceOrders[1]	MonsterReplaceOrders[2]	EffectPath
10300102	1			0																																
10300101	4			0					1	2			I AM THE ALPHA	I AM THE SAVAGE ALPHA			Beginning of End	Incredible Power			<color=#989898>※Defeat α in the simulation</color>	<color=#989898>※Defeat α in the hidden option</color>														
10300106	4			0					1				One after Another				What's this? Let me touch it.				<color=#989898>※Interact with the illusion six times</color>															
10300206	4			1	1007063				1				Breaking the Siege				It's not time to stop yet.				<color=#989898>※Escape the Ascension-Network</color>										A					
10300103	1			0																																
10300104	1			0																																
10300105	1			0																																
10300109	4			0					1				No Harm Done				Non-lethal Joke				<color=#989898>※Listen to Roland's story</color>															
10300209	4			1	1007073																										A					
10300110	4			0					1				Engaged in Battle				Power armor, activate!				<color=#989898>※Equip the power armor and engage in combat</color>															
10300210	4			1	1007074																										A					
10300113	4			0					1				A Salute to You				Are you ready?				<color=#989898>※Face Cradle directly</color>															
10300111	4			0					2				Rewatching Classics				Rewatch the favorite movie.				<color=#989898>※Clean the three old dust spots</color>															
10300211	4			1	1007077				1				Deep in the Soul				A secret buried deep within.				<color=#989898>※Find Luna</color>										A					
10300311	4			1	1007080				1				God of M.I.N.D.				No need for backup. I'm an army myself.				<color=#989898>※Traverse the chaotic M.I.N.D.</color>										B					
10300107	1			0																																
10300118	4			0					1				Bathed in Crimson				Here... I'm reborn.				<color=#989898>※Enter the Red Tide</color>															
10300108	1			0																																
10300122	4			0																																
10300222	4			1	1007081				1				The Other Side of the Door				"Hold my hand. At the very end of my soul."				<color=#989898>※Open the crystal door</color>										A					
10300123	4			0					2				Assembled Moonlight				Piecing together the shattered fragments of memory.				<color=#989898>※Collect all of Selene's memory shards</color>															
10300223	4			1	1007082																										A					
10300125	5			0					2				I AM THE OMEGA				Rest in peace. This is the end of the line.				<color=#989898>※Defeat the final boss</color>															
10300112	1			0																																
15020701	1			0																																
15020702	4			0					1				Rapid Support				Pass the Support Force's entry exam.																			
15020703	1			0																																
15020704	1			0																																
15020705	1			0																																
15020707	1			0																																
15020706	4			0					2				First Clues				Complete the preliminary investigation on the mine area.																			
15020708	1			0																																
15020710	1			0																																
15020709	4			0					1	2			Mine Safety Rule #1	Tracing the Roots			Rescue the trapped researcher, An Jie.	Find out the real purpose behind the establishment of the mine.																		
15020711	1			0																																
15020712	1			0																																
15020713	1			0																																
15020714	1			0																																
15020716	1			0																																
15020715	4			0					1				Her Last Message				Survive.																			
15020717	1			0																																
15020718	1			0																																
15020719	1			0																																
15020720	5			0					1	2			Raise Your Torch	Clash of Wills			Defeat Skych and choose to reveal the truth about Konstantin.	Perfectly nullify all of Skych's spike attacks.																		
15020721	4			0					1	2			Day-breaking Light	Extreme Escape			Successfully escape the Konstantin Mine.	Escape the Konstantin Mine within 5 minutes.																		
15020722	1			0																																
15020801	4			0																																
15020899	4			1	1007084				1	2	2		City and Stars	Dark Scanner	Melodious Condolences		The city on the mountain... feels close to heaven.	Staring into the mirror.	Leaning against the vine.		<color=#989898>※Travel with the convoy to the Aerospace City</color>	<color=#989898>※Unlock the mini-map and mark four points of interaction</color>	<color=#989898>※Encounter Kowloong soldiers while playing the pipa</color>								A					
15020802	1			0																																
15020803	1			0																																
15020804	4			0					1	2	2		Tracker Game	Sharpshooter	Blade Master		The tire tracks are a testament to our survival.	Times have changed.	Totally effortless!		<color=#989898>※Complete the main stage objective</color>	<color=#989898>※Complete the machine gun sequence (including teammates)</color>	<color=#989898>※Defeat the large Corrupted</color>													
15020805	1			0																																
15020806	1			0																																
15020807	1			0																																
15020808	4			0					1				Sleep Talk in Rage				Dreaming of stars falling to Earth.				<color=#989898>※Complete the main stage objective</color>															
15020809	1			0																																
15020810	1			0																																
15020811	4			0					1	2			Keen Insight	Doctor and Assassin			Unmasking his deception.	Holding back? More like clinging!			<color=#989898>※Complete the main stage objective</color>	<color=#989898>※Assist Liv in battle</color>														
15020812	1			0																																
15020813	4			0					1	2			Predestination	Unpredictable Trajectories			The beginning is also the end.	Our paths will inevitably cross again.			<color=#989898>※Complete the main stage objective</color>	<color=#989898>※Trigger the first quarrel between Hanying and Veronica</color>														
15020814	1			0																																
15020815	1			0																																
15020816	5			0					1	2	2	2	Rain on Steps	Through the Clouds	Hairpin Trick	Foreseeer	Playing a farewell song on the qin, a bittersweet melody.	The black dragon soars into the sky, a breathtaking sight.	She chases, she evades, a desperate game of cat and mouse.	Trust your gut.	<color=#989898>※Clear the boss battle for the first time</color>	<color=#989898>※Complete the game in one life</color>	<color=#989898>※Perform a parry 20 times</color>	<color=#989898>※Take no damage during the boss's phase transition</color>												
15020817	1			0																																
15020901	1			0																																
15020902	4			0					1	2			Hawkeye	Strongest in the West			The shadowless light.	Wanshi's revolver.			<color=#989898>※Examine all suspicious items</color>	<color=#989898>※Defeat all enemies</color>														
15020903	1			0																																
15020904	1			0																																
15020905	4			0					2				Let Me In, Little Bear				Materialism.				<color=#989898>※Complete the main stage objective</color>															
15020906	1			0																																
15020907	1			0																																
15020908	1			0																																
15020909	1			0																																
15020910	4			0					1				Intertwined Truths				The echoes linger, a haunting reminder.				<color=#989898>※Complete the main stage objective</color>															
15020911	1			0																																
15020912	1			0																																
15020915	4			0					1				Second Candy				Reaching the end.				<color=#989898>※Complete the main stage objective</color>															
15020913	1			0																																
15020914	1			0																																
15020916	1			0																																
15020917	1			0																																
15020918	4			0					2				Failed Rescue				The meaning of salvation...				<color=#989898>※Complete the main stage objective</color>															
15020919	4			0					2				Before the Dawn				My last bullet.				<color=#989898>※Complete the main stage objective</color>															
15020925	1			0	1007087																															
15020920	1			0																																
15020921	1			0																																
15020922	5			0					1	1	1		Witness of This Place	Shadow in Fog	Laceration		Russian roulette.	Listening to the wind.	Listening to the sound.		<color=#989898>※Defeat "Shorthalt" within 300s</color>	<color=#989898>※Successfully complete a "Source of Pain" judgment</color>	<color=#989898>※Successfully complete a "Deep Pain Synchronization" judgment</color>													
15020923	1			0																																
15020924	1			0																																
15020926	1			0																																
10310101	1			0																																
10310103	1			0																																
10310102	4			0					2	2			Oath of the Golden Time Court	Dusty Past							※It's a vow, and a promise.	※Unveil the pages of lost memories.			On the city's overpass, a different view emerges.	"This is their story."										
10310104	1			0																																
10310105	4			0					1				A Glorioius End								※That was the last sliver of Glory.															
10310106	1			0																																
10310107	1			0																																
10310108	1			0																																
10310110	1			0																																
10310111	1			0																																
10310109	4			0																																
10310113	1			0																																
10310112	4			0																																
10310212	4			1	1007089				1				Dark Corner								※The truth always hides in dark, damp corners.										A					
10310114	1			0																																
10310115	1			0																																
10310116	4			0					1				A Never-Ending May.								※What date is today?											Assets/Product/Texture/Image/RoleCharacter/V210zjNormal01.png		1		
10310216	4			1	1007090				2	2			The blade is drawn!	A tomorrow set in stone.							※Draw your blade!	※It should not... have come to this...			A new weapon...?	If only I had been a little faster...					A	Assets/Product/Texture/Image/RoleCharacter/V210zjNormal01.png		1		
10310316	4			1	1007091				1				The Butterfly of Death								※Even the wings have rotted into the earth.										B	Assets/Product/Texture/Image/RoleCharacter/V210zjNormal01.png		1		
10310117	1			0																																
10310118	1			0																																
10310130	1			0																																
10310119	4			0					1	2			Harves the Finale	Blink Boost							※Light fades, and all falls silent.	※There must be a way to elude her pursuit.				We're doomed if she catches up...						Assets/Product/Texture/Image/RoleCharacter/V210zjNormal01.png		1		
10310120	1			0																																
10310121	1			0																																
10310122	4			0					1				Similar Dreams								※Let us meet again in our dreams.															
10310123	1			0																																
10310124	1			0																																
10310125	4			0					1	2			At the end of Time-space	Illusion of the Past							※At the end of the road, we hold onto each other.	※They left all they said in the past.				The whispers of forgotten days.										
10310126	4			0					1	2			Call of the Last Tide	Self-Sufficient							※Listen closely to its last song.	※I will continue down this path alone.				I don't need your help.										
10310127	5			0					1	2	2		Until dawn arrives.	Retrace the Fallen Path	Shearing through the nightmares of the dead.						※Welcome To The New World.	※This cycle of rebirth cannot be broken.	※Ripped and reassembled, giving an illusion of eternity.			No matter how many times it churns, the fate is sealed.	Defeat Vonnegut in the Undying State.									
10310128	1			0																																
10310129	1			0																																
15021001	1			0																																
15021002	1			0																																
15021003	1			0																																
15021004	4			0					1	2			Reduced to Scraps	Myrtle's Weeping			To blend in with their song.	Rumor has it, in that empty bathroom...			<color=#989898>※Take a photo with the choir</color>	<color=#989898>※Learn about the bathroom ghost story</color>				<color=#989898>※Learn about the bathroom ghost story</color>										
15021005	1			0																																
15021006	1			0																																
15021007	1			0																																
15021008	4			0					1	2			Hundred-Meter Sprint	Paranormal Cultivation Manual			After escaping from behind a mask...	Days filled with wild fantasies.			<color=#989898>※Find the fox mask</color>	<color=#989898>※Collect all the Occult Club diaries</color>				<color=#989898>※Collect all the Occult Club diaries</color>										
15021009	1			0																																
15021010	1			0																																
15021011	4			0					1	2			"TV" Series Protagonist	Desperate Curtain Call			The locks outside are a punch-through!	There's no escape.			<color=#989898>※Escape the recording and encounter Yuka</color>	<color=#989898>※Collect all notes to understand the ending</color>				<color=#989898>※Collect all notes to understand the ending</color>										
15021012	4			0					1	2			Have a good day.	Wishes Spanning Time			It's time to wake up.	Days Gone By, Vividly Remembered			<color=#989898>※Leave the beautiful dream</color>	<color=#989898>※Complete the glass ball without skipping</color>														
15021013	1			0																																
15021014	1			0																																
15021015	4			0					1				In Search of Lost Bloom				Reach out, from far away...				<color=#989898>※Chase Yuka</color>															
15021016	1			0																																
15021017	5			0					1				Goodbye... Farewell.				Only for our fleeting reunion.				<color=#989898>※Defeat Yuka</color>															
15021018	1			0																																
15021019	1			0																																
10320100	1			0																																
10320101	1			0																																
10320102	4			0					1				"High Tide"				She's seen those "futures".				<color=#989898>※Complete stage</color>															
10320103	1			0																																
10320104	1			0																																
10320105	1			0																																
10320106	1			0																																
10320107	4			0					2				Let's Go Together!				Come with me to the Church of Machina, alright?				<color=#989898>※Rescue the medic bots from the Red Tide</color>				<color=#989898>※Rescue the medic bots from the Red Tide</color>											
10320108	1			0																																
10320109	4			0					1	2			Whispers of the Tide	There's no escape!			Leave...	Nanami is trying to hold onto every shred of hope.			<color=#989898>※Complete stage</color>	<color=#989898>※Shatter all illusions</color>				<color=#989898>※Shatter all illusions</color>										
10320110	1			0																																
10320111	4			0					1	2	1		Intricate Wasteland	Bouncy Race!	Surge Mimicry		They fought here.	bong！bong！pong！	This is not a creature that could be born on Earth.		<color=#989898>※Find all investigation key points</color>	<color=#989898>※Rebound 3 times</color>	<color=#989898>※Complete stage</color>			<color=#989898>※Rebound 3 times</color>										
10320112	1			0																																
10320113	1			0																																
10320114	1			0																																
10320115	1			0																																
10320116	4			0																																
10320216	4			1	1007105																										A					
10320316	4			1	1007106																										B					
10320416	4			1	1007107				1				"New Beginnings"				Everything is spiraling into the unknown.				<color=#989898>※Complete stage</color>										C					
10320117	1			0																																
10320118	1			0																																
10320119	4			0					1	1			MVP Player!	She saw...			This is my favorite game!	She saw the wilderness and new life.			<color=#989898>※Play a game at the bar counter</color>	<color=#989898>※Complete stage</color>										Assets/Product/Texture/Image/RoleCharacter/V210zjNormal01.png		1		
10320120	1			0																																
10320121	1			0																																
10320122	5			0					1	2	2		Future	Swoosh!	Strongest Nanami!		I want to... go back to Earth.	Hmph, I won't be defeated!	With the Commandant, I am the strongest!		<color=#989898>※Complete stage</color>	<color=#989898>※Perfectly dodge the initial Powered Charge</color>	<color=#989898>※Watch the perfect CG</color>			<color=#989898>※Perfectly dodge the initial Powered Charge</color>	<color=#989898>※Watch the perfect CG</color>									
10320123	1			0																																
10320124	1			0																																
10330100	1			0																																
10330101	1			0																																
10330102	4			0					1				Unknown Seabed				Raging Waves				<color=#989898>※This path... Will it lead to the end?</color>											Assets/Product/Texture/Image/RoleCharacter/V210zjNormal01.png		1		
10330103	1			0																																
10330104	1			0																																
10330105	4			0					1	2	2	2	Moonlight Dusts the Snowfield	Wait for me here.	Voyage	Is it you?	She lingers in this frozen winter.	Wait here. I'll be right back.	The knight did not return, nor did the mermaid.	You shouldn't have come here...	<color=#989898>※Complete the objective</color>	<color=#989898>※Preview Alpha's hallucination</color>	<color=#989898>※Preview Lamia's and Roland's hallucination</color>	<color=#989898>※Preview Commandant's hallucination</color>		<color=#989898>※Preview Alpha's hallucination</color>	<color=#989898>※Preview Lamia's and Roland's hallucination</color>	<color=#989898>※Preview Commandant's hallucination</color>								
10330205	1			0																																
10330106	1			0																																
10330107	1			0																																
10330108	4			0					1	2	2		Story	Predetermined Ending	Truth		An old tale will eventually stir new ripples.	This story has already ended.	Really?		<color=#989898>※Reader? Or author?</color>	<color=#989898>※Do as she says. Nothing will go wrong.</color>	<color=#989898>※Never been so clear-headed...</color>			<color=#989898>※Do as she says. Nothing will go wrong.</color>	<color=#989898>※Never been so clear-headed...</color>					Assets/Product/Texture/Image/RoleCharacter/V210zjNormal01.png		1		
10330208	4			1	1007110																										A	Assets/Product/Texture/Image/RoleCharacter/V210zjNormal01.png		1		
10330308	4			1	1007111																										B	Assets/Product/Texture/Image/RoleCharacter/V210zjNormal01.png		1		
10330109	1			0																																
10330110	1			0																																
10330111	1			0																																
10330112	1			0																																
10330113	4			0																												Assets/Product/Texture/Image/RoleCharacter/V210zjNormal01.png		1		
10330213	4			0					1				Us				You were never alone.				<color=#989898>※Defeat the projection of The Merciful One.</color>															
10330114	1			0																																
10330115	1			0																																
10330116	4			0					1				Whispers				Consciousness drowns at the bottom of the sea.				<color=#989898>※Listen to the echoes within the Chief's consciousness.</color>															
10330117	1			0																																
10330118	1			0																																
10330119	4			0					1				Before the Mirror				Raise your head before the mirror. Tell me—				<color=#989898>※A new body...?</color>											Assets/Product/Texture/Image/RoleCharacter/V3000kes01Normal01.png		1		
10330120	1			0																																
10330121	1			0																																
10330122	4			0					2	2			Four-Winged White Raven	Relics From Old Civilization			Even gigantic stars will eventually die out.	That is the finery of the past.			<color=#989898>※Listen to the conversation in front of the Four-Winged White Raven statue.</color>	<color=#989898>※Collect three data fragments in the city.</color>			<color=#989898>※Listen to the conversation in front of the Four-Winged White Raven statue.</color>	<color=#989898>※Collect three data fragments in the city.</color>										
10330123	1			0																																
10330124	1			0																																
10330125	1			0																																
10330126	1			0																																
10330127	5			0																																
10330227	5			1	1007112				2	1	2		Memories	Approaching Dawn	Past & Future		This place holds a portion of Gray Raven's important memories.	Across numberless hardships and dark nights.	Is this one of the memories you cherish?		<color=#989898>※Enter the Memory Corridor for the first time </color>	<color=#989898>※"Execute" Chaos.</color>	<color=#989898>※Open the Memory Corridor exit three times.</color>		<color=#989898>※Enter the Memory Corridor for the first time </color>		<color=#989898>※Open the Memory Corridor exit three times.</color>				A					
10330128	1			0																																
10330129	1			0																																
10330130	1			0																																
15021101	1			0																																
15021102	1			0																																
15021103	1			0																																
15021104	1			0																																
15021105	4			0					1	1	3		Winter is Coming	Royal Flush	Operation Brain-Eater <color=#989898>(Not included in the collectible progress)</color>		Keep warm. Winter is coming.	Cards should be arranged in order.	Tactics, intel, and actions...		<color=#989898>※Complete stage</color>	<color=#989898>※Kill 5 guards</color>	<color=#989898>※Sneak into the lab without being discovered</color>													
15021106	1			0																																
15021107	1			0																																
15021108	4			0					1				Rainbow Tail				In the end, there's no cat or cradle.				<color=#989898>※Complete stage</color>															
15021109	1			0																																
15021110	1			0																																
15021111	1			0																																
15021112	4			0					1				Before the Parasitism				The red plague sneaks in silently.				<color=#989898>※Complete the opening show</color>															
15021199	4			1	1007114				1	3			Glorious Wrong Path	Scholarly Spirit <color=#989898>(Not included in the collectible progress)</color>			Ambition and loyalty don't go together.	Scholarship must be rigorous.			<color=#989898>※Complete stage</color>	<color=#989898>※Interact with every investigation point in the scene</color>									A					
15021113	4			0					1	2	3		Tales of the Night Walk	Type I Origin	Scorched-Earth Tactic <color=#989898>(Not included in the collectible progress)</color>		The beast and the hyena meet. The witch rests here.	"Id, ego and superego."	I kill, therefore I am.		<color=#989898>※Defeat Boss</color>	<color=#989898>※Listen to every recording</color>	<color=#989898>※Beat all the enemies in the scene</color>			<color=#989898>※Listen to every recording</color>										
15021114	1			0																																
15021115	1			0																																
15021116	1			0																																
15021117	4			0					1	2			Lex's Note	Iron Skin Troupe			Why don't we put the whole world into the bottle?	Unique romance of the Punishing Virus.			<color=#989898>※Complete stage</color>	<color=#989898>※Watch the robots' dance</color>				<color=#989898>※Watch the robots' dance</color>										
15021118	1			0																																
15021119	5			0					1	2	3		Under the Dome of Las Prados	Silver Shadow Magician	Moon Umbrella Laido <color=#989898>(Not included in the collectible progress)</color>		The fallen night stars are the swansong of lies.	Deadly magic tricks under the elegant mask.	Who shoots first? Soro or aunt?		<color=#989898>※Complete stage</color>	<color=#989898>※Parry 10 times</color>	<color=#989898>※Successfully bounce back Boss' Golden Reincarnation bullet</color>			<color=#989898>※Parry 10 times</color>										
15021120	1			0																																
15021121	1			0																																
10340100	1			0																																
10340101	4			0					1				Finale Prelude				Successfully escort Jonathan and Dandelion out of the theater.				<color=#989898>※Complete stage</color>															
10340102	1			0																																
10340103	1			0																																
10340104	1			0																																
10340105	4			0					1				The Beginning of the Cruise				Successfully get rid of the unknown enemy's pursuit.				<color=#989898>※Complete stage</color>															
10340106	1			0																																
10340107	1			0																																
10340108	1			0																																
10340109	1			0																																
10340110	1			0																																
10340111	4			0					1				"Curtain Call"				Defeat Enora Lueya.				<color=#989898>※Complete stage</color>															
10340112	1			0																																
10340113	1			0																																
10340114	1			0																																
10340115	1			0																																
10340116	5			0					1				The Indispensable Spring Wind				Defeat Enora Lueya again and take back Selena.				<color=#989898>※Complete stage</color>															
10340117	1			0																																
15021301	1			0																																
15021302	4			0					1	2			A Teacher's Power	Found you.			Is this the true power of Leibowitz?	It gives me a strange yet familiar feeling...			<color=#989898>※Help the convoy break free</color>	<color=#989898>※Meet the mysterious girl</color>				Follow the marks she left...						Assets/Product/Texture/Image/RoleCharacter/V210zjNormal01.png		2		
15021303	1			0																																
15021304	1			0																																
15021305	1			0																																
15021306	1			0																																
15021307	1			0																																
15021308	4			0					1	2			Milk Tea's Power	Saturated Sweetness							<color=#989898>※Spend a brief, relaxing moment with Jetavie</color>	<color=#989898>※Reach a high Affection level</color>				<color=#989898>※Reach a high Affection level</color>						Assets/Product/Texture/Image/RoleCharacter/V210zjNormal01.png		1		
15021309	1			0																																
15021310	1			0																																
15021311	1			0																																
15021312	4			0					1				To Witness the Unfinished Ending				Running at Max Power				<color=#989898>※Hold on until the very last moment</color>															
15021313	1			0																																
15021314	4			0					1	3			Special Guest	The Joy of Going Against the Flow <color=#989898>(Not included in the collectible progress)</color>			When in doubt, try firing once?	How ugly... Let's blast them.			<color=#989898>※Leave the Jester's playground</color>	<color=#989898>※Clear the maze without triggering any traps</color>				Pro gamers never trigger bad endings.										
15021315	5			0					1	2	3		Curtain Call	Strike!	You almost got me today... <color=#989898>(Not included in the collectible progress)</color>			Take this—			<color=#989898>※Witness the Jester's silly ending</color>	<color=#989898>※Hit the Jester's ball back and hurt him</color>	<color=#989898>※Do not trigger the Jester's grip skill</color>			Try to hit the ball back as hard as possible	Jetavie will never be caught!									
15021316	1			0																																
15021317	1			0																																
15021318	1			0																																
15021319	1			0																																
15021320	1			0																																
15021321	1			0																																
15021322	1			0																																
15021323	1			0																																
15021324	1			0																																
15021325	1			0																																
15021400	2			0																									10187							
15021401	4			0					2				You Must Be Special				You are totally wrong, Vera.				<color=#989898>Make more than 2 wrong choices in the baseline test</color>				<color=#989898>Make more than 2 wrong choices in the baseline test</color>											
15021499	4			1	1007119				1				Is That... Me?				A glimpse into a corner of the unfamiliar new world.				<color=#989898>Complete the stage</color>										A					
15021402	1			0																																
15021403	1			0																																
15021404	1			0																																
15021405	1			0																																
15021406	4			0					1	2			Imperfect Mission	A Good Listener			It's impossible to save even one more person even if you risk your life.	Hear her out.			<color=#989898>Complete the stage</color>	<color=#989898>Complete the conversation with the girl.</color>				<color=#989898>Complete the conversation with the girl.</color>						Assets/Product/Texture/Image/RoleCharacter/V210zjNormal01.png		2		
15021407	1			0																																
15021408	1			0																																
15021409	1			0																																
15021410	4			0					1	2	2	2	Flesh Is Weak	I Have My Own Signature Too	Drive the "Trolley"	Watch the "Trolley" Passing	True evolution.	The true power of Star of Life VIP.	Is this the right choice?	Is this the right choice?	<color=#989898>Equip the power armor</color>	<color=#989898>Cast Signature</color>	<color=#989898>Select [Open fire]</color>	<color=#989898>Select [Don't open fire]</color>		<color=#989898>Cast Signature</color>	<color=#989898>Select [Open fire]</color>	<color=#989898>Select [Don't open fire]</color>				Assets/Product/Texture/Image/RoleCharacter/V210zjNormal01.png	Assets/Product/Texture/Image/RoleCharacter/V230zhgNormal01.png	2	3	
15021411	1			0																																
15021412	1			0																																
15021413	1			0																																
15021414	1			0																																
15021415	1			0																																
15021416	1			0																																
15021417	4			0					1	3			Prometheus	POWER <color=#989898>(Not included in the collectible progress)</color>			Let the living fire burn.	I knew there's something wrong with that chair.			<color=#989898>Complete the stage</color>	<color=#989898>Sit on that chair</color>				<color=#989898>Sit on that chair</color>										
15021418	1			0																																
15021419	5			0					1	2	2		Tear the Good Night	Burn and Rave	Easier Than Peeling an Apple		Never go into that good night.	Limitless power.	I will defeat you countless times.		<color=#989898>Complete the stage</color>	<color=#989898>Dodge all [Invasion Collapse]</color>	<color=#989898>Parry 5 times</color>			<color=#989898>Dodge all [Invasion Collapse]</color>	<color=#989898>Parry 5 times</color>									
15021420	1			0																																
15021421	1			0																																
15021422	1			0	1007120																															
15021423	1			0	1007121																															
15021424	1			0	1007122																															
15021425	1			0	1007123																															
10350101	4			0					1				Lonely Song of the Abyss				She walks through the desolate bottom of the sea.				<color=#989898>※Complete the stage</color>															
10350102	1			0																																
10350103	1			0																																
10350104	1			0																																
10350105	1			0																																
10350106	1			0																																
10350107	1			0																																
10350108	1			0																																
10350109	1			0																																
10350110	1			0																																
10350111	4			0					1	2			Upstream	Strange Sight Underwater			Seek the path forward.	What's that... in the water?			<color=#989898>※Complete the stage</color>	<color=#989898>※Avoid being hit by tentacles</color>				<color=#989898>※Avoid being hit by tentacles</color>										
10350112	1			0																																
10350113	1			0																																
10350114	4			0					1				Escape from the Aquarium				All of this... will soon come to an end.				<color=#989898>※Complete the stage</color>															
10350115	5			0					1	2			Goodbye, Chiko	Danger in the Air			Every goodbye rings like a death knell drawing ever closer.	She can hear the echo coming from the Red Tide.			<color=#989898>※Complete the stage</color>	<color=#989898>※Fall less than 3 times</color>				<color=#989898>※Fall less than 3 times</color>										
10350116	1			0																																
10350117	1			0																																
10350118	1			0																																
10350119	1			0																																
10350120	1			0																																
10350121	1			0																																
10350122	1			0																																
10350123	1			0																																
10350124	1			0																																
10350125	4			0					1				The Unfinished Path				The loop's been broken. It's time for you to go.				<color=#989898>※Complete the stage</color>															
10350126	1			0																																
10350127	1			0																																
10350128	1			0																																
10350129	1			0																																
10350130	4			0					3	3			Liv Is Coming To Help!	I'm Here To Help!			Liv will always help you, no matter where you are.	Watch out! Here comes Karenina!			<color=#989898>※Capture a Stronghold with Liv</color>	<color=#989898>※Unlock Karenina's support</color>			<color=#989898>※Capture a Stronghold with Liv</color>	<color=#989898>※Unlock Karenina's support</color>						Assets/Product/Texture/Image/Role/RoleHeadLifu.png		3		
10350230	4			1	1007128				3	3			"Kowloong's Heroes 1"	"Kowloong's Heroes 2"			It was said that there was once a great hero...	A real hero dares to face fear itself.			<color=#989898>※Defeat The Emperor without restarting</color>	<color=#989898>※Clear a Boss Stronghold on Difficulty 3 or higher</color>			<color=#989898>※Defeat The Emperor without restarting</color>	<color=#989898>※Clear a Boss Stronghold on Difficulty 3 or higher</color>					A					
10350131	1			0																																
10350132	4			0					1	2	3		Destined Choice	Slow But Sure	Risky Gambit		The moon falls a thousand times. This choice is destined.	They will always protect her.	The moon shines above regardless of how dangerous the battlefield is.		<color=#989898>※Defeat Selene one more time</color>	<color=#989898>※Luna takes <30% DMG under protection</color>	<color=#989898>※Luna's HP <5% under protection</color>			<color=#989898>※Luna takes <30% DMG under protection</color>	<color=#989898>※Luna's HP <5% under protection</color>									
10350133	1			0																																
10350134	1			0																																
10350135	5			0					1	2	3	3	Victor's Ending	Go, Gray Raven!	True Destiny	Liv Will Protect You	The past cannot be denied. The future cannot be stopped.	This is the bond of Gray Raven!	No matter how the story changes, the true destiny is set.	Don't worry. Liv is here.	<color=#989898>※Defeat Vonnegut one more time</color>	<color=#989898>※Get rescued by Liv less than 5 times</color>	<color=#989898>※Defeat Vonnegut without dying</color>	<color=#989898>※Get rescued by Liv more than 10 times</color>		<color=#989898>※Get rescued by Liv less than 5 times</color>	<color=#989898>※Defeat Vonnegut without dying</color>	<color=#989898>※Get rescued by Liv more than 10 times</color>								
10350136	1			0																																
15021500	2			0																									20005							
15021501	1			0																																
15021502	1			0																																
15021503	4			0					1	3	3		Dead End by Nightfall	Ding-dong	Riddler		Yesterday—severed yet still connected.	If it makes good sounds, it's a good musical instrument.	It's not like you can understand even if I tell you about it.		<color=#989898>※Complete the stage</color>	<color=#989898>※Interact with the piano</color>	<color=#989898>※Interact with three clones</color>			<color=#989898>※Interact with the piano</color>	<color=#989898>※Interact with three clones</color>					Assets/Product/Texture/Image/Role/RoleHeadR2Xiezou1Q.png		2		
15021504	4			0					1				Escape Complete				Did you enjoy yourself with ???				<color=#989898>※Complete the stage</color>															
15021505	1			0																																
15021506	4			0					1	3			Master Detective	Just Cut It			Unravel the truth.	Cut the chatter.			<color=#989898>※Complete the stage</color>	<color=#989898>※Select not to investigate</color>				<color=#989898>※Select not to investigate</color>										
15021507	4			0					3				Chekhov's "Door"				If a door appears, then it definitely cannot be opened from this side.				<color=#989898>※Interact with the unopenable door 5 times or more</color>				<color=#989898>※Interact with the unopenable door 5 times or more</color>											
15021597	4			1	1007132																										A					
15021596	4			1	1007133				1				Tame				Emotions are not allowed in any mission.				<color=#989898>※Complete the stage</color>										B					
15021508	4			0					1				Weaving Shadows				Cut away the past. Mend the tears.				<color=#989898>※Complete the Ω Ending (True Ending)</color>											Assets/Product/Texture/Image/Role/RoleHeadR2Xiezou1Q.png		2		
15021509	1			0																																
15021510	1			0																																
15021511	1			0																																
15021512	1			0																																
15021513	1			0																																
15021514	4			0					1				Curtain Call				It's not over until the curtain falls.				<color=#989898>※Complete the stage</color>															
15021515	1			0																																
15021599	4			0					1				Greeting				In case I don't see ya, good morning, good afternoon, and good night.				<color=#989898>※Complete the stage</color>															
15021598	4			1	1007134				3				Good Spirit!				I really need to put you through some proper training.				<color=#989898>※Complete the battle with Instructor Watanabe</color>										A					
15021601	4			0																																
15021699	4			1	1007135				1				I Can Beat Ten				Win this match.				<color=#989898>※Complete the stage</color>										A					
15021602	1			0																																
15021603	1			0																																
15021604	1			0																																
15021605	1			0																																
15021606	1			0																																
15021607	4			0					1	3			Not Overtime	What Are You Holding Onto			Mask an escape under the guise of overtime diligence.	Keep going until the end.			<color=#989898>※Complete the stage</color>	<color=#989898>※Spar with the unremarkable repairer.</color>				<color=#989898>※Spar with the unremarkable repairer.</color>										
15021608	4			0					1				Day of Maintenance				Break this cycle.				<color=#989898>※Complete the stage</color>															
15021609	4			0																																
15021698	4			1	1007136				1	3	2		Phoenix Wings	Escape This Hellhole	Unread Memo		Fly, Veronica.	Nothing can stop you from marching toward freedom.	Feelings that have yet to be conveyed.		<color=#989898>※Complete the stage</color>	<color=#989898>※Get help from the robot [Hawked-V]</color>	<color=#989898>※Read the unsent letter on the computer in Serra's room</color>			<color=#989898>※Get help from the robot [Hawked-V]</color>	<color=#989898>※Read the unsent letter on the computer in Serra's room</color>				A					
15021610	5			0					1	3			Moving Toward Tomorrow	Final Messenger			The past lies buried in dust and smoke.	Bring an end to all things.			<color=#989898>※Complete the stage</color>	<color=#989898>※Clear the stage without restarting</color>				<color=#989898>※Clear the stage without restarting</color>										
15021611	1			0																																
15021612	1			0																																
15021613	1			0																																
15021614	1			0																																
10360101	1			0																																
10360102	1			0																																
10360103	1			0																																
10360104	4			0					1				Anomaly Genesis				Was that really just an illusion?				<color=#989898>※Complete the stage</color>															
10360105	1			0																																
10360106	1			0																																
10360107	1			0																																
10360108	1			0																																
10360109	1			0																																
10360110	1			0																																
10360111	1			0																																
10360112	4			0					1	1			Nightmare Realm	"Safe Zone"			Why are Hetero-Creatures here...?	The safe zone is completely empty.			<color=#989898>※Complete the stage</color>	<color=#989898>※Unlock the first campsite</color>														
10360113	1			0																																
10360114	1			0																																
10360115	1			0																																
10360116	1			0																																
10360117	1			0																																
10360118	1			0																																
10360119	1			0																																
10360120	4			0					1	3			Deep in the Mine	Forgotten Past			The long-sealed lab waits here in silence.	Who... are they?			<color=#989898>※Complete the stage</color>	<color=#989898>※Collect all ECHO and relevant information</color>				<color=#989898>※Collect all ECHO and relevant information</color>										
10360121	4			0					1	2	2	3	The Helix	Bang	They've been here.	The Ninth Exit	There was an explosion here once.	Those Hetero-Creatures vanished with a bang.	The Rodent squad has been here.	Anomaly detected. Turn back now.	<color=#989898>※Clear the Spiral Mine</color>	<color=#989898>※Use falling rocks to crush patrolling enemies</color>	<color=#989898>※Unlock the hidden bonfire</color>	<color=#989898>※Clear the Looping Mine</color>		<color=#989898>※Use falling rocks to crush patrolling enemies</color>	<color=#989898>※Unlock the hidden bonfire</color>	<color=#989898>※Clear the Looping Mine</color>								
10360122	4			0					1	3			Abyss Ahead	Expert Positioning			Run away, or keep going?	The one chasing us... is that Melinoe?			<color=#989898>※Complete the stage</color>	<color=#989898>※Die 3 times or less during the final escape sequence</color>				<color=#989898>※Die 3 times or less during the final escape sequence</color>										
10360123	5			0					1	1	2	3	Formless and Soundless	Shatter	Disguise	Web Breaker	Love is something formless and soundless.	Her frame is not in good shape.	Her disguise doesn't hold up well.	Her web can no longer bind this world.	<color=#989898>※Complete the stage</color>	<color=#989898>※Parry to shatter both hands of the Phase 2 boss during the scripted sequence</color>	<color=#989898>※Dodge the Phase 1 boss's feint grab attack</color>	<color=#989898>※Get caught in the boss's web less than 5 times</color>			<color=#989898>※Dodge the Phase 1 boss's feint grab attack</color>	<color=#989898>※Get caught in the boss's web less than 5 times</color>								
10360223	4			0					1	2			Behind the Scenes	Secret Weapon!			Where am I?	If you want it, open this mysterious box!			<color=#989898>※Enter this stage to obtain</color>	<color=#989898>※Obtain Liv's weapon from a supply crate</color>				<color=#989898>※Obtain Liv's weapon from a supply crate</color>										
10360124	1			0																																
10360125	1			0																																
10370101	4			0					1				Endless Monday				We all have to face this day eventually.				<color=#989898>※Complete the stage</color>															
10370102	4			0					1				Sewage Engineering				There's always a secret passage.				<color=#989898>※Complete the stage</color>															
10370103	1			0																																
10370104	1			0																																
10370105	1			0																																
10370106	1			0																																
10370107	4			0																																
10370207	4			1	1007145				1				The Ghosts of Mirage Street				"I would gladly embrace death"				<color=#989898>※Complete the stage</color>										A					
10370108	1			0																																
10370109	4			0					1	2			There can only be one truth!	Detective			When you have eliminated all which is impossible...	This is common sense.			<color=#989898>※Reveal the truth</color>	<color=#989898>※Make no more than five mistakes during the deduction process</color>				<color=#989898>※Make no more than five mistakes during the deduction process</color>										
10370110	1			0																																
10370111	4			0					1	1	3		A strange yet familiar store staff	The Endless Elysium	The Teddy Show		Wish you a great day.	Deja vu.	If I never see you again...		<color=#989898>※Speak to the familiar store staff</color>	<color=#989898>※Complete the stage</color>	<color=#989898>※Speak to the familiar store staff again during the final cycle</color>				<color=#989898>※Speak to the familiar store staff again during the final cycle</color>									
10370112	1			0																																
10370113	1			0																																
10370114	1			0																																
10370115	1			0																																
10370116	1			0																																
10370117	1			0																																
10370118	5			0					1	3	2		Tear the heavens asunder!	Chain Reaction	Ultimate Technique		Face the truth now, Self-Shackled One.	Such a textbook move.	The essence of battle is to dodge at will.		<color=#989898>※Defeat The Pseudo-Unwinged</color>	<color=#989898>※Endgame Protocol: Defeat three drone formations consecutively during the symphony.</color>	<color=#989898>※Get hit by drone beams no more than 5 times throughout the entire battle.</color>			<color=#989898>※Endgame Protocol: Defeat three drone formations consecutively during the symphony.</color>	<color=#989898>※Get hit by drone beams no more than 5 times throughout the entire battle.</color>									
10370119	1			0																																
10370120	1			0																																
10370121	1			0																																
10380101	4			0	1007222				1	1			Broken Bridge Operation	I won't miss.			First, separate the forces. Then we plan our next move.	Lee's shots are always perfectly timed.			<color=#989898>※Complete the stage</color>	<color=#989898>※Use Hyperreal Snipe on Fu Shen</color>.														
10380102	1			0	1007200																															
10380103	1			0	1007201																															
10380104	1			0	1007202																															
10380105	4			0	1007223				1	3	3		Frostheart War - Start	Arctic Pinnacle	Coordinated Strike		Fire the opening shot of the war.	This frame isn't just for show.	Lee is always there when the moment calls for it.		<color=#989898>※Complete the stage</color>	<color=#989898>※Reach the final area and defeat the boss within 5 minutes</color>	<color=#989898>※Wait for Hyperreal's artillery support</color>.			<color=#989898>※Reach the final area and defeat the boss within 5 minutes</color>	<color=#989898>※Wait for Hyperreal's artillery support</color>.									
10380106	1			0	1007224																															
10380107	1			0	1007205																															
10380108	1			0	1007225																															
10380109	1			0	1007207																															
10380110	1			0	1007208																															
10380111	4			0	1007226				1				Song in the Storm				This song speaks of more than just this frozen land.				<color=#989898>※Complete the stage</color>											Assets/Product/Texture/Image/RoleCharacter/V210zjNormal01.png		2		
10380112	1			0	1007210																															
10380113	1			0	1007211																															
10380114	1			0	1007212																															
10380115	1			0	1007227																															
10380116	1			0	1007214																															
10380117	1			0	1007215																															
10380118	1			0	1007216																															
10380119	1			0	1007217																															
10380120	4			0	1007228				1	3	3	3	Paramount	Crush the Ice	Whale Song	Sniper Elite	Human and steed as one. This is true unmatched power.	Nothing can withstand these iron hooves.	This will always be the gentlest sound.	You are all within range now.	<color=#989898>※Complete the stage</color>	<color=#989898>※Break through all ice walls</color>	<color=#989898>※Say hi to Derek</color>	<color=#989898>※Hyperreal snipes and breaks two iron chains</color>		<color=#989898>※Break through all ice walls</color>	<color=#989898>※Say hi to Derek</color>	<color=#989898>※Hyperreal snipes and breaks two iron chains</color>								
10380121	1			0	1007219																															
10380122	5			0	1007220				1	1	2	3	Frostheart War - End	Amalgam Performance	Moment of Clarity	Cycle of Succession	The crown withers, the dust settles.	Let me show you what Malkuth can do.	The aurora has revealed everything.	This is where amalgamation ends!	<color=#989898>※Defeat Zack</color>.	<color=#989898>※Use Precise Jump to evade Zack's Low Attacks</color>.	<color=#989898>※Complete 5 or more precise interactions with the boss.</color>	<color=#989898>※Trigger Rosetta's boss execution easter egg.</color>			<color=#989898>※Complete 5 or more precise interactions with the boss.</color>	<color=#989898>※Trigger Rosetta's boss execution easter egg.</color>								
10380123	1			0	1007221																															
10390101	4			0					1	2			A Solo Pilgrimage	Post-Traumatic Stress Disorder			Upon the desolate homeland, yesterday returns once more.	It's carved deep into her soul and impossible to forget.			<color=#989898>※Complete the stage</color>	<color=#989898>※Successfully inject the Tranquilizer after Nirvatia's PTSD episode.</color>				<color=#989898>※Successfully inject the Tranquilizer after Nirvatia's PTSD episode.</color>										
10390102	1			0																																
10390103	1			0																																
10390104	1			0																																
10390105	1			0																																
10390106	1			0																																
10390107	1			0																																
10390108	1			0																																
10390109	1			0																																
10390110	4			0					1				Castle of Crossing Fates				Winter always comes back, and so do the people who are meant to meet again.				<color=#989898>※Complete the stage</color>															
10390111	1			0																																
10390112	1			0																																
10390113	1			0																																
10390114	1			0																																
10390115	1			0																																
10390116	1			0																																
10390117	4			0					1	2			Infiltrator	Akdilek's Shadow			Disaster comes howling in and drags fate along with it.	In the shadow of the catastrophe, many secrets lie hidden.			<color=#989898>※Complete the stage</color>	<color=#989898>※Read every document in this stage.</color>				<color=#989898>※Read every document in this stage.</color>										
10390118	4			0					1				Only Storm Can...				Even after everything we've done, the disaster still isn't over.				<color=#989898>※Complete the stage</color>											Assets/Product/Texture/Image/RoleCharacter/V210zjNormal01.png		1		
10390119	1			0																																
10390120	1			0																																
10390121	5			0					1	3			Eternal Memory	Broken-Winged Angel			Truth may come late, but it never stays away forever.	Break the cage of time and let new life begin.			<color=#989898>※Complete the stage</color>	<color=#989898>※Successfully parry Margaret once.</color>				<color=#989898>※Successfully parry Margaret once.</color>										
10390122	1			0																																
10390123	1			0																																
15021700	1			0																																
15021701	1			0																																
15021702	1			0																																
15021703	1			0																																
15021704	1			0																																
15021705	1			0																																
15021706	1			0																																
15021707	1			0																																
15021708	4			0					1	2			Gather the Sunlight	Turning Back Time			Bring back the sunlight hiding in the shadows.	Go back to the past and see them again.			<color=#989898>※Finish investigating the suspicious Corrupted</color>	<color=#989898>※Enter the Reversed Space for the first time</color>				<color=#989898>※Enter the Reversed Space for the first time</color>										
15021709	1			0																																
15021710	1			0																																
15021711	1			0																																
15021712	4			0					1	2			Blazing Sun	Unstoppable			What we lost then, we reclaim now.	Clear away the flares and take back our sun.			<color=#989898>※Complete Marlis' "test"</color>	<color=#989898>※Cut through every target obstacle in time</color>				<color=#989898>※Cut through every target obstacle in time</color>										
15021713	1			0																																
15021714	4			0					1	2			Rebirth	Survivors			Burn through the last of the embers and break out!	At least I managed to save you all.			<color=#989898>※Defeat all surrounding Corrupted</color>	<color=#989898>※All teammates still able to fight must survive to the end</color>				<color=#989898>※All teammates still able to fight must survive to the end</color>										
15021715	1			0																																
15021716	1			0																																
15021717	1			0																																
15021718	1			0																																
15021719	1			0																																
15021720	1			0																																
15021721	1			0																																
15021722	5			0					1	2	3		Homecoming	Face the Raging Flames	Make you stop		Now I'm taking you home.	Bring it on!	I'll put out the evil fire that's turning you into a monster.		<color=#989898>※Defeat Azael<"Ezette"></color>	<color=#989898>※When Azael launches his blade lick combo, parry every attack and dodge the grab, or interrupt the combo.</color>	<color=#989898>※Bring Azael back to a calm state through attacks during Phase 2</color>			<color=#989898>※When Azael launches his blade lick combo, parry every attack and dodge the grab, or interrupt the combo.</color>	<color=#989898>※Bring Azael back to a calm state through attacks during Phase 2</color>									
15021723	1			0																																
15021724	1			0																																
10400101	4			0					1	1			Dreams Asunder	Dusky Voyage			Familiar whispers...	No home to return to...			<color=#989898>※Complete the stage</color>	<color=#989898>※Watch the entire opening show</color>				<color=#989898>※Watch the entire opening show</color>										
10400102	1			0																																
10400103	1			0																																
10400104	1			0																																
10400105	1			0																																
10400106	1			0																																
10400107	4			0					1				Abyssal Netherworld				Into the Depths				<color=#989898>※Complete the stage</color>											Assets/Product/Texture/Image/RoleCharacter/zhgNormal02.png		2		
10400108	1			0																																
10400109	1			0																																
10400110	1			0																																
10400111	1			0																																
10400112	1			0																																
10400113	1			0																																
10400114	1			0																																
10400115	1			0																																
10400116	1			0																																
10400117	1			0																																
10400118	1			0																																
10400119	1			0																																
10400120	1			0																																
10400121	1			0																																
10400122	4			0					1				Bitter Traveler				Thorns abound.				<color=#989898>※Complete the stage</color>															
10400123	1			0																																
10400124	1			0																																
10400125	1			0																																
10400126	5			0					1	1	2		Homecoming	Blessings for your future...	May your journey home be blessed...		Go home...	Unstoppable.	Have a safe trip.		<color=#989898>※Defeat "Vanguard"</color>	<color=#989898>※Successfully shatter successive falling rocks</color>	<color=#989898>※Successfully sever twisted limbs</color>													
10400127	1			0																																
10400128	1			0																																
15021801	1			0																																
15021802	1			0																																
15021803	1			0																																
15021804	1			0																																
15021805	1			0																																
15021806	1			0																																
15021807	1			0																																
15021808	1			0																																
15021809	1			0																																
15021810	1			0																																
15021811	4			0					1	2			Days Gone By	Fantastic Huhu and Where to Find Them			The days you let slip away have finally caught up with you.	There's nothing strange about these little ones. People are just narrow-minded.			<color=#989898>Complete the stage</color>	<color=#989898>※Find the lost Huhu in the old harbor district.</color>														
15021812	1			0																																
15021813	1			0																																
15021814	1			0																																
15021815	1			0																																
15021816	4			0					1	2	3		Gate of Death	Webspinner	All Flames as One		The dead salute you.	Easy work for a spider.	A thousand flames, gathered into one.		<color=#989898>Complete the stage</color>	<color=#989898>Get past the laser blockade at the Tidal Hub.</color>	<color=#989898>※Seize full control of the Tidal Hub.</color>													
15021817	1			0																																
15021818	5			0					1	2	3		Rain's End	No Time to Die	Thunderbreaker		The rain has run its course.	Too graceful to fall.	Even the sky-splitting thunder can be brought low.		<color=#989898>Complete the stage</color>	<color=#989898>Use special dodges to evade Tavis's skill three times in a single battle.</color>	<color=#989898>Break through Tavis's defenses while dodging the lightning strikes in battle.</color>													
15021819	1			0																																
15021820	1			0																																
