StageId	StageType	StageName	StrengthenId[1]	StrengthenId[2]	StrengthenId[3]	Img	Model	ConditionId[1]	ExtraTimeLimit	ExtraDec	Score	ExtraScore
30162800	1	Anomaly Zone <size=50>(1/14)</size>	1	29		Assets/Product/Texture/Image/RoleMonster/RoleMonster85350.png	Me1YuandingMd000001					
30162801	1	Anomaly Zone <size=50>(2/14)</size>	1	29		Assets/Product/Texture/Image/RoleMonster/RoleMonster85350.png	Mo1XiulijigongMd000001	1006500				
30162802	1	Anomaly Zone <size=50>(3/14)</size>	1	29		Assets/Product/Texture/Image/RoleMonster/RoleMonster85350.png	Mb1OrphanMd030001	1006501				
30162803	1	Anomaly Zone <size=50>(4/14)</size>	2	29		Assets/Product/Texture/Image/RoleMonster/RoleMonster85350.png	Me1FangshengdouniuMd000001	1006502				
30162804	1	Anomaly Zone <size=50>(5/14)</size>	2	29		Assets/Product/Texture/Image/RoleMonster/RoleMonster85350.png	Me1JidijibingMd000001	1006503				
30162805	1	Anomaly Zone <size=50>(6/14)</size>	2	29		Assets/Product/Texture/Image/RoleMonster/RoleMonster85350.png	Mb1SwordMd030001	1006504				
30162806	1	Anomaly Zone <size=50>(7/14)</size>	3	29		Assets/Product/Texture/Image/RoleMonster/RoleMonster85350.png	Mo1UngouzaotiMd010001UI	1006505				
30162807	1	Anomaly Zone <size=50>(8/14)</size>	3	29		Assets/Product/Texture/Image/RoleMonster/RoleMonster85350.png	Me1JinweiMd000001	1006506				
30162808	1	Anomaly Zone <size=50>(9/14)</size>	3	29		Assets/Product/Texture/Image/RoleMonster/RoleMonster85350.png	Mb1MelodyMd010001	1006507				
30162809	1	Anomaly Zone <size=50>(10/14)</size>	4	29		Assets/Product/Texture/Image/RoleMonster/RoleMonster85350.png	Me1UnknownMd010001UI	1006508				
30162810	2	Anomaly Zone <size=50>(11/14)</size>	4	29		Assets/Product/Texture/Image/RoleMonster/RoleMonster85350.png	Mb1LunaMd010001UI	1006509	120	Clear within 120s		
30162811	2	Anomaly Zone <size=50>(12/14)</size>	5	7	29	Assets/Product/Texture/Image/RoleMonster/RoleMonster85350.png	Mb1JiabailieMd000001	1006510	120	Clear within 120s		
30162812	2	Anomaly Zone <size=50>(13/14)</size>	5	6	29	Assets/Product/Texture/Image/RoleMonster/RoleMonster85350.png	Mb1MotherMd010001UI	1006511	120	Clear within 120s		
30162813	3	Anomaly Zone <size=50>(14/14)</size>	8	29	37	Assets/Product/Texture/Image/RoleMonster/RoleMonster85350.png	Mb1VoodooMd010001UI	1006512				
30162814	1	Paradox Zone <size=50>(1/14)</size>	9			Assets/Product/Texture/Image/RoleMonster/RoleMonster85350.png	Mo1LishiliuxingMd000001					
30162815	1	Paradox Zone <size=50>(2/14)</size>	9			Assets/Product/Texture/Image/RoleMonster/RoleMonster85350.png	Mo1InsbMd010001UI	1006513				
30162816	1	Paradox Zone <size=50>(3/14)</size>	9			Assets/Product/Texture/Image/RoleMonster/RoleMonster85350.png	Mb1RapperMd000001UI	1006514				
30162817	1	Paradox Zone <size=50>(4/14)</size>	10			Assets/Product/Texture/Image/RoleMonster/RoleMonster85350.png	Me1JiulongzhongyaziMd000001	1006515				
30162818	1	Paradox Zone <size=50>(5/14)</size>	10			Assets/Product/Texture/Image/RoleMonster/RoleMonster85350.png	Me1ZhizunMd000001	1006516				
30162819	1	Paradox Zone <size=50>(6/14)</size>	10			Assets/Product/Texture/Image/RoleMonster/RoleMonster85350.png	Mb1MelodyhuaxuMd10001	1006517				
30162820	1	Paradox Zone <size=50>(7/14)</size>	11			Assets/Product/Texture/Image/RoleMonster/RoleMonster85350.png	Mb1RobotarmorMd030001	1006518				
30162821	1	Paradox Zone <size=50>(8/14)</size>	11			Assets/Product/Texture/Image/RoleMonster/RoleMonster85350.png	Mo1GztcaptainMd010001UI	1006519				
30162822	1	Paradox Zone <size=50>(9/14)</size>	11			Assets/Product/Texture/Image/RoleMonster/RoleMonster85350.png	Mb1MajiyaweiliMd010001UI	1006520				
30162823	1	Paradox Zone <size=50>(10/14)</size>	12			Assets/Product/Texture/Image/RoleMonster/RoleMonster85350.png	Mo1DiaorensanxingMd000001	1006521				
30162824	2	Paradox Zone <size=50>(11/14)</size>	12	14		Assets/Product/Texture/Image/RoleMonster/RoleMonster85350.png	Mb1XigeluenMd010002UI	1006522	120	Clear within 120s		
30162825	2	Paradox Zone <size=50>(12/14)</size>	13	15		Assets/Product/Texture/Image/RoleMonster/RoleMonster85350.png	Mb1MelodyMd010001	1006523	120	Clear within 120s		
30162826	2	Paradox Zone <size=50>(13/14)</size>	13	16		Assets/Product/Texture/Image/RoleMonster/RoleMonster85350.png	Mb1BruceloongMd010001UI	1006524	120	Clear within 120s		
30162827	3	Paradox Zone <size=50>(14/14)</size>	17	37		Assets/Product/Texture/Image/RoleMonster/RoleMonster85350.png	Mb1LilithMd010001UI	1006525				
30162828	1	Fission Zone <size=50>(1/14)</size>	18			Assets/Product/Texture/Image/RoleMonster/RoleMonster85350.png	Mo1YeyaMd000001					
30162829	1	Fission Zone <size=50>(2/14)</size>	18			Assets/Product/Texture/Image/RoleMonster/RoleMonster85350.png	Mb1XuexiaoMd000002UI	1006526				
30162830	1	Fission Zone <size=50>(3/14)</size>	18			Assets/Product/Texture/Image/RoleMonster/RoleMonster85350.png	Mb1VirginbioMd030001	1006527				
30162831	1	Fission Zone <size=50>(4/14)</size>	19			Assets/Product/Texture/Image/RoleMonster/RoleMonster85350.png	Me1YihehuolidanyuanMd000001	1006528				
30162832	1	Fission Zone <size=50>(5/14)</size>	19			Assets/Product/Texture/Image/RoleMonster/RoleMonster85350.png	Mo1CyborgleaderMd10001UI	1006529				
30162833	1	Fission Zone <size=50>(6/14)</size>	19			Assets/Product/Texture/Image/RoleMonster/RoleMonster85350.png	Mb1LunaMd010001UI	1006530				
30162834	1	Fission Zone <size=50>(7/14)</size>	20			Assets/Product/Texture/Image/RoleMonster/RoleMonster85350.png	Me1FenjiezheMd000001	1006531				
30162835	1	Fission Zone <size=50>(8/14)</size>	20			Assets/Product/Texture/Image/RoleMonster/RoleMonster85350.png	Me1JinweiMd000001	1006532				
30162836	1	Fission Zone <size=50>(9/14)</size>	20			Assets/Product/Texture/Image/RoleMonster/RoleMonster85350.png	Mb1BaiyangnvMd010001	1006533				
30162837	1	Fission Zone <size=50>(10/14)</size>	21			Assets/Product/Texture/Image/RoleMonster/RoleMonster85350.png	Me1YunluMd000003UI	1006534				
30162838	2	Fission Zone <size=50>(11/14)</size>	21			Assets/Product/Texture/Image/RoleMonster/RoleMonster85350.png	Mb1MercyMd010001UI	1006535	120	Clear within 120s		
30162839	2	Fission Zone <size=50>(12/14)</size>	22	23		Assets/Product/Texture/Image/RoleMonster/RoleMonster85350.png	Mb1AolajiangMd010001	1006536	120	Clear within 120s		
30162840	2	Fission Zone <size=50>(13/14)</size>	22	24		Assets/Product/Texture/Image/RoleMonster/RoleMonster85350.png	Mb1TifaMd010001UI	1006537	120	Clear within 120s		
30162841	3	Fission Zone <size=50>(14/14)</size>	25	37		Assets/Product/Texture/Image/RoleMonster/RoleMonster85350.png	Mb1MoonguyMd010001UI	1006538				
30162842	1	Anomaly Zone <size=50>(1/14)</size>	1	29		Assets/Product/Texture/Image/RoleMonster/RoleMonster85350.png	Me1YuandingMd000001					
30162843	1	Anomaly Zone <size=50>(2/14)</size>	1	29		Assets/Product/Texture/Image/RoleMonster/RoleMonster85350.png	Mo1XiulijigongMd000001	1006539				
30162844	1	Anomaly Zone <size=50>(3/14)</size>	1	29		Assets/Product/Texture/Image/RoleMonster/RoleMonster85350.png	Mb1OrphanMd030001	1006540				
30162845	1	Anomaly Zone <size=50>(4/14)</size>	2	29		Assets/Product/Texture/Image/RoleMonster/RoleMonster85350.png	Me1FangshengdouniuMd000001	1006541				
30162846	1	Anomaly Zone <size=50>(5/14)</size>	2	29		Assets/Product/Texture/Image/RoleMonster/RoleMonster85350.png	Me1JidijibingMd000001	1006542				
30162847	1	Anomaly Zone <size=50>(6/14)</size>	2	29		Assets/Product/Texture/Image/RoleMonster/RoleMonster85350.png	Mb1SwordMd030001	1006543				
30162848	1	Anomaly Zone <size=50>(7/14)</size>	3	29		Assets/Product/Texture/Image/RoleMonster/RoleMonster85350.png	Mo1UngouzaotiMd010001UI	1006544				
30162849	1	Anomaly Zone <size=50>(8/14)</size>	3	29		Assets/Product/Texture/Image/RoleMonster/RoleMonster85350.png	Me1JinweiMd000001	1006545				
30162850	1	Anomaly Zone <size=50>(9/14)</size>	3	29		Assets/Product/Texture/Image/RoleMonster/RoleMonster85350.png	Mb1MelodyMd010001	1006546				
30162851	1	Anomaly Zone <size=50>(10/14)</size>	4	29		Assets/Product/Texture/Image/RoleMonster/RoleMonster85350.png	Me1UnknownMd010001UI	1006547				
30162852	2	Anomaly Zone <size=50>(11/14)</size>	4	29		Assets/Product/Texture/Image/RoleMonster/RoleMonster85350.png	Mb1LunaMd010001UI	1006548	120	Clear within 120s		
30162853	2	Anomaly Zone <size=50>(12/14)</size>	5	7	29	Assets/Product/Texture/Image/RoleMonster/RoleMonster85350.png	Mb1JiabailieMd000001	1006549	120	Clear within 120s		
30162854	2	Anomaly Zone <size=50>(13/14)</size>	5	6	29	Assets/Product/Texture/Image/RoleMonster/RoleMonster85350.png	Mb1MotherMd010001UI	1006550	120	Clear within 120s		
30162855	3	Anomaly Zone <size=50>(14/14)</size>	8	29	37	Assets/Product/Texture/Image/RoleMonster/RoleMonster85350.png	Mb1VoodooMd010001UI	1006551				
30162856	1	Paradox Zone <size=50>(1/14)</size>	9			Assets/Product/Texture/Image/RoleMonster/RoleMonster85350.png	Mo1LishiliuxingMd000001					
30162857	1	Paradox Zone <size=50>(2/14)</size>	9			Assets/Product/Texture/Image/RoleMonster/RoleMonster85350.png	Mo1InsbMd010001UI	1006552				
30162858	1	Paradox Zone <size=50>(3/14)</size>	9			Assets/Product/Texture/Image/RoleMonster/RoleMonster85350.png	Mb1RapperMd000001UI	1006553				
30162859	1	Paradox Zone <size=50>(4/14)</size>	10			Assets/Product/Texture/Image/RoleMonster/RoleMonster85350.png	Me1JiulongzhongyaziMd000001	1006554				
30162860	1	Paradox Zone <size=50>(5/14)</size>	10			Assets/Product/Texture/Image/RoleMonster/RoleMonster85350.png	Me1ZhizunMd000001	1006555				
30162861	1	Paradox Zone <size=50>(6/14)</size>	10			Assets/Product/Texture/Image/RoleMonster/RoleMonster85350.png	Mb1MelodyhuaxuMd10001	1006556				
30162862	1	Paradox Zone <size=50>(7/14)</size>	11			Assets/Product/Texture/Image/RoleMonster/RoleMonster85350.png	Mb1RobotarmorMd030001	1006557				
30162863	1	Paradox Zone <size=50>(8/14)</size>	11			Assets/Product/Texture/Image/RoleMonster/RoleMonster85350.png	Mo1GztcaptainMd010001UI	1006558				
30162864	1	Paradox Zone <size=50>(9/14)</size>	11			Assets/Product/Texture/Image/RoleMonster/RoleMonster85350.png	Mb1MajiyaweiliMd010001UI	1006559				
30162865	1	Paradox Zone <size=50>(10/14)</size>	12			Assets/Product/Texture/Image/RoleMonster/RoleMonster85350.png	Mo1DiaorensanxingMd000001	1006560				
30162866	2	Paradox Zone <size=50>(11/14)</size>	12	14		Assets/Product/Texture/Image/RoleMonster/RoleMonster85350.png	Mb1XigeluenMd010002UI	1006561	120	Clear within 120s		
30162867	2	Paradox Zone <size=50>(12/14)</size>	13	15		Assets/Product/Texture/Image/RoleMonster/RoleMonster85350.png	Mb1MelodyMd010001	1006562	120	Clear within 120s		
30162868	2	Paradox Zone <size=50>(13/14)</size>	13	16		Assets/Product/Texture/Image/RoleMonster/RoleMonster85350.png	Mb1BruceloongMd010001UI	1006563	120	Clear within 120s		
30162869	3	Paradox Zone <size=50>(14/14)</size>	17	37		Assets/Product/Texture/Image/RoleMonster/RoleMonster85350.png	Mb1LilithMd010001UI	1006564				
30162870	1	Fission Zone <size=50>(1/14)</size>	18			Assets/Product/Texture/Image/RoleMonster/RoleMonster85350.png	Mo1YeyaMd000001					
30162871	1	Fission Zone <size=50>(2/14)</size>	18			Assets/Product/Texture/Image/RoleMonster/RoleMonster85350.png	Mb1XuexiaoMd000002UI	1006565				
30162872	1	Fission Zone <size=50>(3/14)</size>	18			Assets/Product/Texture/Image/RoleMonster/RoleMonster85350.png	Mb1VirginbioMd030001	1006566				
30162873	1	Fission Zone <size=50>(4/14)</size>	19			Assets/Product/Texture/Image/RoleMonster/RoleMonster85350.png	Me1YihehuolidanyuanMd000001	1006567				
30162874	1	Fission Zone <size=50>(5/14)</size>	19			Assets/Product/Texture/Image/RoleMonster/RoleMonster85350.png	Mo1CyborgleaderMd10001UI	1006568				
30162875	1	Fission Zone <size=50>(6/14)</size>	19			Assets/Product/Texture/Image/RoleMonster/RoleMonster85350.png	Mb1LunaMd010001UI	1006569				
30162876	1	Fission Zone <size=50>(7/14)</size>	20			Assets/Product/Texture/Image/RoleMonster/RoleMonster85350.png	Me1FenjiezheMd000001	1006570				
30162877	1	Fission Zone <size=50>(8/14)</size>	20			Assets/Product/Texture/Image/RoleMonster/RoleMonster85350.png	Me1JinweiMd000001	1006571				
30162878	1	Fission Zone <size=50>(9/14)</size>	20			Assets/Product/Texture/Image/RoleMonster/RoleMonster85350.png	Mb1BaiyangnvMd010001	1006572				
30162879	1	Fission Zone <size=50>(10/14)</size>	21			Assets/Product/Texture/Image/RoleMonster/RoleMonster85350.png	Me1YunluMd000003UI	1006573				
30162880	2	Fission Zone <size=50>(11/14)</size>	21			Assets/Product/Texture/Image/RoleMonster/RoleMonster85350.png	Mb1MercyMd010001UI	1006574	120	Clear within 120s		
30162881	2	Fission Zone <size=50>(12/14)</size>	22	23		Assets/Product/Texture/Image/RoleMonster/RoleMonster85350.png	Mb1AolajiangMd010001	1006575	120	Clear within 120s		
30162882	2	Fission Zone <size=50>(13/14)</size>	22	24		Assets/Product/Texture/Image/RoleMonster/RoleMonster85350.png	Mb1TifaMd010001UI	1006576	120	Clear within 120s		
30162883	3	Fission Zone <size=50>(14/14)</size>	25	37		Assets/Product/Texture/Image/RoleMonster/RoleMonster85350.png	Mb1MoonguyMd010001UI	1006577				
30163000	1	Pseudoinverse Zone <size=50>(1/14)</size>	30			Assets/Product/Texture/Image/RoleMonster/RoleMonster85350.png	Mo1BiaoyanyirenMd000001					
30163001	1	Pseudoinverse Zone <size=50>(2/14)</size>	30			Assets/Product/Texture/Image/RoleMonster/RoleMonster85350.png	Mo1GoodgirlMd010001UI	1006578				
30163002	1	Pseudoinverse Zone <size=50>(3/14)</size>	30			Assets/Product/Texture/Image/RoleMonster/RoleMonster85350.png	Mb1SandwormMd030001	1006579				
30163003	1	Pseudoinverse Zone <size=50>(4/14)</size>	31			Assets/Product/Texture/Image/RoleMonster/RoleMonster85350.png	Mo1BudaozheMd000001	1006580				
30163004	1	Pseudoinverse Zone <size=50>(5/14)</size>	31			Assets/Product/Texture/Image/RoleMonster/RoleMonster85350.png	Me1JixiewusengMd000001UI	1006581				
30163005	1	Pseudoinverse Zone <size=50>(6/14)</size>	31			Assets/Product/Texture/Image/RoleMonster/RoleMonster85350.png	Me1SwordMd002001	1006582				
30163006	1	Pseudoinverse Zone <size=50>(7/14)</size>	32			Assets/Product/Texture/Image/RoleMonster/RoleMonster85350.png	Me1XiguajunMd000002	1006583				
30163007	1	Pseudoinverse Zone <size=50>(8/14)</size>	32			Assets/Product/Texture/Image/RoleMonster/RoleMonster85350.png	Me1PikemanMd000001UI	1006584				
30163008	1	Pseudoinverse Zone <size=50>(9/14)</size>	32			Assets/Product/Texture/Image/RoleMonster/RoleMonster85350.png	Mb1MoonguyMd010001UI	1006585				
30163009	1	Pseudoinverse Zone <size=50>(10/14)</size>	33			Assets/Product/Texture/Image/RoleMonster/RoleMonster85350.png	Me1TadpoleMd010001UI	1006586				
30163010	2	Pseudoinverse Zone <size=50>(11/14)</size>	33			Assets/Product/Texture/Image/RoleMonster/RoleMonster85350.png	Mb1SirenMd010001UI	1006587	120	Clear within 120s		
30163011	2	Pseudoinverse Zone <size=50>(12/14)</size>	34			Assets/Product/Texture/Image/RoleMonster/RoleMonster85350.png	Mb1MercyMd010001UI	1006588	120	Clear within 120s		
30163012	2	Pseudoinverse Zone <size=50>(13/14)</size>	34			Assets/Product/Texture/Image/RoleMonster/RoleMonster85350.png	Mb1LuxiyaMd000003UI	1006589	120	Clear within 120s		
30163013	3	Pseudoinverse Zone <size=50>(14/14)</size>	37			Assets/Product/Texture/Image/RoleMonster/RoleMonster85350.png	Mb1StarknightMd010001UI	1006590				
30163014	1	Pseudoinverse Zone <size=50>(1/14)</size>	30			Assets/Product/Texture/Image/RoleMonster/RoleMonster85350.png	Mo1BiaoyanyirenMd000001					
30163015	1	Pseudoinverse Zone <size=50>(2/14)</size>	30			Assets/Product/Texture/Image/RoleMonster/RoleMonster85350.png	Mo1GoodgirlMd010001UI	1006591				
30163016	1	Pseudoinverse Zone <size=50>(3/14)</size>	30			Assets/Product/Texture/Image/RoleMonster/RoleMonster85350.png	Mb1SandwormMd030001	1006592				
30163017	1	Pseudoinverse Zone <size=50>(4/14)</size>	31			Assets/Product/Texture/Image/RoleMonster/RoleMonster85350.png	Mo1BudaozheMd000001	1006593				
30163018	1	Pseudoinverse Zone <size=50>(5/14)</size>	31			Assets/Product/Texture/Image/RoleMonster/RoleMonster85350.png	Me1JixiewusengMd000001UI	1006594				
30163019	1	Pseudoinverse Zone <size=50>(6/14)</size>	31			Assets/Product/Texture/Image/RoleMonster/RoleMonster85350.png	Me1SwordMd002001	1006595				
30163020	1	Pseudoinverse Zone <size=50>(7/14)</size>	32			Assets/Product/Texture/Image/RoleMonster/RoleMonster85350.png	Me1XiguajunMd000002	1006596				
30163021	1	Pseudoinverse Zone <size=50>(8/14)</size>	32			Assets/Product/Texture/Image/RoleMonster/RoleMonster85350.png	Me1PikemanMd000001UI	1006597				
30163022	1	Pseudoinverse Zone <size=50>(9/14)</size>	32			Assets/Product/Texture/Image/RoleMonster/RoleMonster85350.png	Mb1MoonguyMd010001UI	1006598				
30163023	1	Pseudoinverse Zone <size=50>(10/14)</size>	33			Assets/Product/Texture/Image/RoleMonster/RoleMonster85350.png	Me1TadpoleMd010001UI	1006599				
30163024	2	Pseudoinverse Zone <size=50>(11/14)</size>	33			Assets/Product/Texture/Image/RoleMonster/RoleMonster85350.png	Mb1SirenMd010001UI	1006600	120	Clear within 120s		
30163025	2	Pseudoinverse Zone <size=50>(12/14)</size>	34			Assets/Product/Texture/Image/RoleMonster/RoleMonster85350.png	Mb1MercyMd010001UI	1006601	120	Clear within 120s		
30163026	2	Pseudoinverse Zone <size=50>(13/14)</size>	34			Assets/Product/Texture/Image/RoleMonster/RoleMonster85350.png	Mb1LuxiyaMd000003UI	1006602	120	Clear within 120s		
30163027	3	Pseudoinverse Zone <size=50>(14/14)</size>	37			Assets/Product/Texture/Image/RoleMonster/RoleMonster85350.png	Mb1StarknightMd010001UI	1006603				
30163028	1	Illusion Zone <size=50>(1/14)</size>	38			Assets/Product/Texture/Image/RoleMonster/RoleMonster85350.png	Mo1ShenyuantianshiMd010001UI					
30163029	1	Illusion Zone <size=50>(2/14)</size>	38			Assets/Product/Texture/Image/RoleMonster/RoleMonster85350.png	Mo1HongchaoxiaolangMd010001UI	1006604				
30163030	1	Illusion Zone <size=50>(3/14)</size>	38			Assets/Product/Texture/Image/RoleMonster/RoleMonster85350.png	Mb1OrphanMd030001	1006605				
30163031	1	Illusion Zone <size=50>(4/14)</size>	39			Assets/Product/Texture/Image/RoleMonster/RoleMonster85350.png	Me1ShengtangMd010001UI	1006606				
30163032	1	Illusion Zone <size=50>(5/14)</size>	39			Assets/Product/Texture/Image/RoleMonster/RoleMonster85350.png	Me1MammothMd010001UI	1006607				
30163033	1	Illusion Zone <size=50>(6/14)</size>	39			Assets/Product/Texture/Image/RoleMonster/RoleMonster85350.png	Mb1SwordMd030001	1006608				
30163034	1	Illusion Zone <size=50>(7/14)</size>	40			Assets/Product/Texture/Image/RoleMonster/RoleMonster85350.png	Me1SimmoonguyMd010001UI	1006609				
30163035	1	Illusion Zone <size=50>(8/14)</size>	40			Assets/Product/Texture/Image/RoleMonster/RoleMonster85350.png	Me1ShuixingnvMd010001UI	1006610				
30163036	1	Illusion Zone <size=50>(9/14)</size>	40			Assets/Product/Texture/Image/RoleMonster/RoleMonster85350.png	Mb1AolajiangMd010001	1006611				
30163037	1	Illusion Zone <size=50>(10/14)</size>	41			Assets/Product/Texture/Image/RoleMonster/RoleMonster85350.png	Me1TwinsblackMd000001UI	1006612				
30163038	2	Illusion Zone <size=50>(11/14)</size>	41			Assets/Product/Texture/Image/RoleMonster/RoleMonster85350.png	Mb1JiabailieMd000001	1006613	120	Clear in 120s.		
30163039	2	Illusion Zone <size=50>(12/14)</size>	42	3		Assets/Product/Texture/Image/RoleMonster/RoleMonster85350.png	Mb1ShadowkillerMd010001UI	1006614	120	Clear in 120s.		
30163040	2	Illusion Zone <size=50>(13/14)</size>	43	3		Assets/Product/Texture/Image/RoleMonster/RoleMonster85350.png	Mb1HongchaojulangMd010002UI	1006615	120	Clear in 120s.		
30163041	3	Illusion Zone <size=50>(14/14)</size>	37	3		Assets/Product/Texture/Image/RoleMonster/RoleMonster85350.png	Mb1LamiyaMd010001UI	1006616				
30163042	1	Illusion Zone <size=50>(1/14)</size>	38			Assets/Product/Texture/Image/RoleMonster/RoleMonster85350.png	Mo1ShenyuantianshiMd010001UI					
30163043	1	Illusion Zone <size=50>(2/14)</size>	38			Assets/Product/Texture/Image/RoleMonster/RoleMonster85350.png	Mo1HongchaoxiaolangMd010001UI	1006617				
30163044	1	Illusion Zone <size=50>(3/14)</size>	38			Assets/Product/Texture/Image/RoleMonster/RoleMonster85350.png	Mb1OrphanMd030001	1006618				
30163045	1	Illusion Zone <size=50>(4/14)</size>	39			Assets/Product/Texture/Image/RoleMonster/RoleMonster85350.png	Me1ShengtangMd010001UI	1006619				
30163046	1	Illusion Zone <size=50>(5/14)</size>	39			Assets/Product/Texture/Image/RoleMonster/RoleMonster85350.png	Me1MammothMd010001UI	1006620				
30163047	1	Illusion Zone <size=50>(6/14)</size>	39			Assets/Product/Texture/Image/RoleMonster/RoleMonster85350.png	Mb1SwordMd030001	1006621				
30163048	1	Illusion Zone <size=50>(7/14)</size>	40			Assets/Product/Texture/Image/RoleMonster/RoleMonster85350.png	Me1SimmoonguyMd010001UI	1006622				
30163049	1	Illusion Zone <size=50>(8/14)</size>	40			Assets/Product/Texture/Image/RoleMonster/RoleMonster85350.png	Me1ShuixingnvMd010001UI	1006623				
30163050	1	Illusion Zone <size=50>(9/14)</size>	40			Assets/Product/Texture/Image/RoleMonster/RoleMonster85350.png	Mb1AolajiangMd010001	1006624				
30163051	1	Illusion Zone <size=50>(10/14)</size>	41			Assets/Product/Texture/Image/RoleMonster/RoleMonster85350.png	Me1TwinsblackMd000001UI	1006625				
30163052	2	Illusion Zone <size=50>(11/14)</size>	41			Assets/Product/Texture/Image/RoleMonster/RoleMonster85350.png	Mb1JiabailieMd000001	1006626	120	Clear in 120s.		
30163053	2	Illusion Zone <size=50>(12/14)</size>	42	3		Assets/Product/Texture/Image/RoleMonster/RoleMonster85350.png	Mb1ShadowkillerMd010001UI	1006627	120	Clear in 120s.		
30163054	2	Illusion Zone <size=50>(13/14)</size>	43	3		Assets/Product/Texture/Image/RoleMonster/RoleMonster85350.png	Mb1HongchaojulangMd010002UI	1006628	120	Clear in 120s.		
30163055	3	Illusion Zone <size=50>(14/14)</size>	37	3		Assets/Product/Texture/Image/RoleMonster/RoleMonster85350.png	Mb1LamiyaMd010001UI	1006629				
30163056	1	Reverse Derivation Zone<size=50>(1/14)</size>	45			Assets/Product/Texture/Image/RoleMonster/RoleMonster85350.png	Mo1BaohuzheMd000001					
30163057	1	Reverse Derivation Zone<size=50>(2/14)</size>	45			Assets/Product/Texture/Image/RoleMonster/RoleMonster85350.png	Me1XunshoushiMd000001	1006630				
30163058	1	Reverse Derivation Zone<size=50>(3/14)</size>	45			Assets/Product/Texture/Image/RoleMonster/RoleMonster85350.png	Mb1SandwormMd030001	1006631				
30163059	1	Reverse Derivation Zone<size=50>(4/14)</size>	46			Assets/Product/Texture/Image/RoleMonster/RoleMonster85350.png	Mo1LucunMd000001	1006632				
30163060	1	Reverse Derivation Zone<size=50>(5/14)</size>	46			Assets/Product/Texture/Image/RoleMonster/RoleMonster85350.png	Me1ShengtangMd010001UI	1006633				
30163061	1	Reverse Derivation Zone<size=50>(6/14)</size>	46			Assets/Product/Texture/Image/RoleMonster/RoleMonster85350.png	Mb1XiuMd010001	1006634				
30163062	1	Reverse Derivation Zone<size=50>(7/14)</size>	47			Assets/Product/Texture/Image/RoleMonster/RoleMonster85350.png	Me1YasibeiersiMd010001UI	1006635				
30163063	1	Reverse Derivation Zone<size=50>(8/14)</size>	47			Assets/Product/Texture/Image/RoleMonster/RoleMonster85350.png	Me1JinweiMd000001	1006636				
30163064	1	Reverse Derivation Zone<size=50>(9/14)</size>	47			Assets/Product/Texture/Image/RoleMonster/RoleMonster85350.png	Mb1MelodyMd010001	1006637				
30163065	1	Reverse Derivation Zone<size=50>(10/14)</size>	48			Assets/Product/Texture/Image/RoleMonster/RoleMonster85350.png	Mb1MelodyhuaxugaiMd010001UI	1006638				
30163066	2	Reverse Derivation Zone<size=50>(11/14)</size>	48			Assets/Product/Texture/Image/RoleMonster/RoleMonster85350.png	Mb1OniisanMd010003UI	1006639	120	Clear in 120s.		
30163067	2	Reverse Derivation Zone<size=50>(12/14)</size>	50			Assets/Product/Texture/Image/RoleMonster/RoleMonster85350.png	Mb1MotherMd010001UI	1006640	120	Clear in 120s.		
30163068	2	Reverse Derivation Zone<size=50>(13/14)</size>	50	49		Assets/Product/Texture/Image/RoleMonster/RoleMonster85350.png	Mb1MajiyaweiliMd010001UI	1006641	120	Clear in 120s.		
30163069	3	Reverse Derivation Zone<size=50>(14/14)</size>	51	37		Assets/Product/Texture/Image/RoleMonster/RoleMonster85350.png	Mb1GeneralMd010001UI	1006642				
30163070	1	Reverse Derivation Zone<size=50>(1/14)</size>	45			Assets/Product/Texture/Image/RoleMonster/RoleMonster85350.png	Mo1BaohuzheMd000001					
30163071	1	Reverse Derivation Zone<size=50>(2/14)</size>	45			Assets/Product/Texture/Image/RoleMonster/RoleMonster85350.png	Me1XunshoushiMd000001	1006643				
30163072	1	Reverse Derivation Zone<size=50>(3/14)</size>	45			Assets/Product/Texture/Image/RoleMonster/RoleMonster85350.png	Mb1SandwormMd030001	1006644				
30163073	1	Reverse Derivation Zone<size=50>(4/14)</size>	46			Assets/Product/Texture/Image/RoleMonster/RoleMonster85350.png	Mo1LucunMd000001	1006645				
30163074	1	Reverse Derivation Zone<size=50>(5/14)</size>	46			Assets/Product/Texture/Image/RoleMonster/RoleMonster85350.png	Me1ShengtangMd010001UI	1006646				
30163075	1	Reverse Derivation Zone<size=50>(6/14)</size>	46			Assets/Product/Texture/Image/RoleMonster/RoleMonster85350.png	Mb1XiuMd010001	1006647				
30163076	1	Reverse Derivation Zone<size=50>(7/14)</size>	47			Assets/Product/Texture/Image/RoleMonster/RoleMonster85350.png	Me1YasibeiersiMd010001UI	1006648				
30163077	1	Reverse Derivation Zone<size=50>(8/14)</size>	47			Assets/Product/Texture/Image/RoleMonster/RoleMonster85350.png	Me1JinweiMd000001	1006649				
30163078	1	Reverse Derivation Zone<size=50>(9/14)</size>	47			Assets/Product/Texture/Image/RoleMonster/RoleMonster85350.png	Mb1MelodyMd010001	1006650				
30163079	1	Reverse Derivation Zone<size=50>(10/14)</size>	48			Assets/Product/Texture/Image/RoleMonster/RoleMonster85350.png	Mb1MelodyhuaxugaiMd010001UI	1006651				
30163080	2	Reverse Derivation Zone<size=50>(11/14)</size>	48			Assets/Product/Texture/Image/RoleMonster/RoleMonster85350.png	Mb1OniisanMd010003UI	1006652	120	Clear in 120s.		
30163081	2	Reverse Derivation Zone<size=50>(12/14)</size>	50			Assets/Product/Texture/Image/RoleMonster/RoleMonster85350.png	Mb1MotherMd010001UI	1006653	120	Clear in 120s.		
30163082	2	Reverse Derivation Zone<size=50>(13/14)</size>	50	49		Assets/Product/Texture/Image/RoleMonster/RoleMonster85350.png	Mb1MajiyaweiliMd010001UI	1006654	120	Clear in 120s.		
30163083	3	Reverse Derivation Zone<size=50>(14/14)</size>	51	37		Assets/Product/Texture/Image/RoleMonster/RoleMonster85350.png	Mb1GeneralMd010001UI	1006655				
30165150	1	Chain Decomposition Zone <size=50>(1/14)</size>	53			Assets/Product/Texture/Image/RoleMonster/RoleMonster85350.png	Mo1SinmaidMd010001UI					
30165151	1	Chain Decomposition Zone <size=50>(2/14)</size>	53			Assets/Product/Texture/Image/RoleMonster/RoleMonster85350.png	Mo1GoodgirlMd010001UI	1006656				
30165152	1	Chain Decomposition Zone <size=50>(3/14)</size>	53			Assets/Product/Texture/Image/RoleMonster/RoleMonster85350.png	Mb1OrphanMd030001	1006657				
30165153	1	Chain Decomposition Zone <size=50>(4/14)</size>	54			Assets/Product/Texture/Image/RoleMonster/RoleMonster85350.png	Mo1GuantangbaoMd010001UI	1006658				
30165154	1	Chain Decomposition Zone <size=50>(5/14)</size>	54			Assets/Product/Texture/Image/RoleMonster/RoleMonster85350.png	Mo1GztcaptainMd010001UI	1006659				
30165155	1	Chain Decomposition Zone <size=50>(6/14)</size>	54			Assets/Product/Texture/Image/RoleMonster/RoleMonster85350.png	Mb1AolajiangMd010001	1006660				
30165156	1	Chain Decomposition Zone <size=50>(7/14)</size>	55			Assets/Product/Texture/Image/RoleMonster/RoleMonster85350.png	Me1PerfectrobotMd010001UI	1006661				
30165157	1	Chain Decomposition Zone <size=50>(8/14)</size>	55			Assets/Product/Texture/Image/RoleMonster/RoleMonster85350.png	Me1TwinsblackMd000001UI	1006662				
30165158	1	Chain Decomposition Zone <size=50>(9/14)</size>	55			Assets/Product/Texture/Image/RoleMonster/RoleMonster85350.png	Mb1VirginbioMd030001	1006663				
30165159	1	Chain Decomposition Zone <size=50>(10/14)</size>	56			Assets/Product/Texture/Image/RoleMonster/RoleMonster85350.png	Me1PikemanMd000001UI	1006664				
30165160	2	Chain Decomposition Zone <size=50>(11/14)</size>	56			Assets/Product/Texture/Image/RoleMonster/RoleMonster85350.png	Mb1TifaMd010001UI	1006665	120	Clear in 120s		
30165161	2	Chain Decomposition Zone <size=50>(12/14)</size>	57			Assets/Product/Texture/Image/RoleMonster/RoleMonster85350.png	Mb1ShadowkillerMd010001UI	1006666	120	Clear in 120s		
30165162	2	Chain Decomposition Zone <size=50>(13/14)</size>	57			Assets/Product/Texture/Image/RoleMonster/RoleMonster85350.png	Mb1BruceloongMd010001UI	1006667	120	Clear in 120s		
30165163	3	Chain Decomposition Zone <size=50>(14/14)</size>	58	37	60	Assets/Product/Texture/Image/RoleMonster/RoleMonster85350.png	Mb1BraveMd010011	1006668				
30165164	1	Chain Decomposition Zone <size=50>(1/14)</size>	53			Assets/Product/Texture/Image/RoleMonster/RoleMonster85350.png	Mo1SinmaidMd010001UI					
30165165	1	Chain Decomposition Zone <size=50>(2/14)</size>	53			Assets/Product/Texture/Image/RoleMonster/RoleMonster85350.png	Mo1GoodgirlMd010001UI	1006669				
30165166	1	Chain Decomposition Zone <size=50>(3/14)</size>	53			Assets/Product/Texture/Image/RoleMonster/RoleMonster85350.png	Mb1OrphanMd030001	1006670				
30165167	1	Chain Decomposition Zone <size=50>(4/14)</size>	54			Assets/Product/Texture/Image/RoleMonster/RoleMonster85350.png	Mo1GuantangbaoMd010001UI	1006671				
30165168	1	Chain Decomposition Zone <size=50>(5/14)</size>	54			Assets/Product/Texture/Image/RoleMonster/RoleMonster85350.png	Mo1GztcaptainMd010001UI	1006672				
30165169	1	Chain Decomposition Zone <size=50>(6/14)</size>	54			Assets/Product/Texture/Image/RoleMonster/RoleMonster85350.png	Mb1AolajiangMd010001	1006673				
30165170	1	Chain Decomposition Zone <size=50>(7/14)</size>	55			Assets/Product/Texture/Image/RoleMonster/RoleMonster85350.png	Me1PerfectrobotMd010001UI	1006674				
30165171	1	Chain Decomposition Zone <size=50>(8/14)</size>	55			Assets/Product/Texture/Image/RoleMonster/RoleMonster85350.png	Me1TwinsblackMd000001UI	1006675				
30165172	1	Chain Decomposition Zone <size=50>(9/14)</size>	55			Assets/Product/Texture/Image/RoleMonster/RoleMonster85350.png	Mb1VirginbioMd030001	1006676				
30165173	1	Chain Decomposition Zone <size=50>(10/14)</size>	56			Assets/Product/Texture/Image/RoleMonster/RoleMonster85350.png	Me1PikemanMd000001UI	1006677				
30165174	2	Chain Decomposition Zone <size=50>(11/14)</size>	56			Assets/Product/Texture/Image/RoleMonster/RoleMonster85350.png	Mb1TifaMd010001UI	1006678	120	Clear in 120s		
30165175	2	Chain Decomposition Zone <size=50>(12/14)</size>	57			Assets/Product/Texture/Image/RoleMonster/RoleMonster85350.png	Mb1ShadowkillerMd010001UI	1006679	120	Clear in 120s		
30165176	2	Chain Decomposition Zone <size=50>(13/14)</size>	57			Assets/Product/Texture/Image/RoleMonster/RoleMonster85350.png	Mb1BruceloongMd010001UI	1006680	120	Clear in 120s		
30165177	3	Chain Decomposition Zone <size=50>(14/14)</size>	58	37	60	Assets/Product/Texture/Image/RoleMonster/RoleMonster85350.png	Mb1BraveMd010011	1006681				
30165178	1	Phantom Zone<size=50>(1/14)</size>	61			Assets/Product/Texture/Image/RoleMonster/RoleMonster85350.png	Mo1XiulijigongMd000001					
30165179	1	Phantom Zone<size=50>(2/14)</size>	61			Assets/Product/Texture/Image/RoleMonster/RoleMonster85350.png	Mo1XiulijigongMd000001	1006682				
30165180	1	Phantom Zone<size=50>(3/14)</size>	61			Assets/Product/Texture/Image/RoleMonster/RoleMonster85350.png	Mb1OrphanMd030001	1006683				
30165181	1	Phantom Zone<size=50>(4/14)</size>	62			Assets/Product/Texture/Image/RoleMonster/RoleMonster85350.png	Mo1LishiliuxingMd000001	1006684				
30165182	1	Phantom Zone<size=50>(5/14)</size>	62			Assets/Product/Texture/Image/RoleMonster/RoleMonster85350.png	Mo1DiaorensanxingMd000001	1006685				
30165183	1	Phantom Zone<size=50>(6/14)</size>	62			Assets/Product/Texture/Image/RoleMonster/RoleMonster85350.png	Mb1MelodyMd010001	1006686				
30165184	1	Phantom Zone<size=50>(7/14)</size>	63			Assets/Product/Texture/Image/RoleMonster/RoleMonster85350.png	Me1TwofacerMd010001UI	1006687				
30165185	1	Phantom Zone<size=50>(8/14)</size>	63			Assets/Product/Texture/Image/RoleMonster/RoleMonster85350.png	Me1ShuixingnvMd010001UI	1006688				
30165186	1	Phantom Zone<size=50>(9/14)</size>	63			Assets/Product/Texture/Image/RoleMonster/RoleMonster85350.png	Mb1SirenMd010001UI	1006689				
30165187	1	Phantom Zone<size=50>(10/14)</size>	64			Assets/Product/Texture/Image/RoleMonster/RoleMonster85350.png	Mb1LuxiyaMd000003UI	1006690				
30165188	2	Phantom Zone<size=50>(11/14)</size>	64			Assets/Product/Texture/Image/RoleMonster/RoleMonster85350.png	Mb1LuxiyaMd000005UI	1006691	120	Clear in 120s		
30165189	2	Phantom Zone<size=50>(12/14)</size>	65			Assets/Product/Texture/Image/RoleMonster/RoleMonster85350.png	Mb1LilithMd010001UI	1006692	120	Clear in 120s		
30165190	2	Phantom Zone<size=50>(13/14)</size>	66			Assets/Product/Texture/Image/RoleMonster/RoleMonster85350.png	Mb1HongchaojulangMd010002UI	1006693	120	Clear in 120s		
30165191	3	Phantom Zone<size=50>(14/14)</size>	67	37		Assets/Product/Texture/Image/RoleMonster/RoleMonster85350.png	Mb1StarknightMd010001UI	1006694				
30165192	1	Phantom Zone<size=50>(1/14)</size>	61			Assets/Product/Texture/Image/RoleMonster/RoleMonster85350.png	Mo1XiulijigongMd000001					
30165193	1	Phantom Zone<size=50>(2/14)</size>	61			Assets/Product/Texture/Image/RoleMonster/RoleMonster85350.png	Mo1XiulijigongMd000001	1006695				
30165194	1	Phantom Zone<size=50>(3/14)</size>	61			Assets/Product/Texture/Image/RoleMonster/RoleMonster85350.png	Mb1OrphanMd030001	1006696				
30165195	1	Phantom Zone<size=50>(4/14)</size>	62			Assets/Product/Texture/Image/RoleMonster/RoleMonster85350.png	Mo1LishiliuxingMd000001	1006697				
30165196	1	Phantom Zone<size=50>(5/14)</size>	62			Assets/Product/Texture/Image/RoleMonster/RoleMonster85350.png	Mo1DiaorensanxingMd000001	1006698				
30165197	1	Phantom Zone<size=50>(6/14)</size>	62			Assets/Product/Texture/Image/RoleMonster/RoleMonster85350.png	Mb1MelodyMd010001	1006699				
30165198	1	Phantom Zone<size=50>(7/14)</size>	63			Assets/Product/Texture/Image/RoleMonster/RoleMonster85350.png	Me1TwofacerMd010001UI	1006700				
30165199	1	Phantom Zone<size=50>(8/14)</size>	63			Assets/Product/Texture/Image/RoleMonster/RoleMonster85350.png	Me1ShuixingnvMd010001UI	1006701				
30165200	1	Phantom Zone<size=50>(9/14)</size>	63			Assets/Product/Texture/Image/RoleMonster/RoleMonster85350.png	Mb1SirenMd010001UI	1006702				
30165201	1	Phantom Zone<size=50>(10/14)</size>	64			Assets/Product/Texture/Image/RoleMonster/RoleMonster85350.png	Mb1LuxiyaMd000003UI	1006703				
30165202	2	Phantom Zone<size=50>(11/14)</size>	64			Assets/Product/Texture/Image/RoleMonster/RoleMonster85350.png	Mb1LuxiyaMd000005UI	1006704	120	Clear in 120s		
30165203	2	Phantom Zone<size=50>(12/14)</size>	65			Assets/Product/Texture/Image/RoleMonster/RoleMonster85350.png	Mb1LilithMd010001UI	1006705	120	Clear in 120s		
30165204	2	Phantom Zone<size=50>(13/14)</size>	66			Assets/Product/Texture/Image/RoleMonster/RoleMonster85350.png	Mb1HongchaojulangMd010002UI	1006706	120	Clear in 120s		
30165205	3	Phantom Zone<size=50>(14/14)</size>	67	37		Assets/Product/Texture/Image/RoleMonster/RoleMonster85350.png	Mb1StarknightMd010001UI	1006707				
30165206	1	Eclipsed Zone <size=50>(1/14)</size>	69			Assets/Product/Texture/Image/RoleMonster/RoleMonster85350.png	Mo1BaohuzheMd000001					
30165207	1	Eclipsed Zone <size=50>(2/14)</size>	69			Assets/Product/Texture/Image/RoleMonster/RoleMonster85350.png	Me1XunshoushiMd000001	1006708				
30165208	1	Eclipsed Zone <size=50>(3/14)</size>	69			Assets/Product/Texture/Image/RoleMonster/RoleMonster85350.png	Mb1SandwormMd030001	1006709				
30165209	1	Eclipsed Zone <size=50>(4/14)</size>	70			Assets/Product/Texture/Image/RoleMonster/RoleMonster85350.png	Me1ZhizunMd000001	1006710				
30165210	1	Eclipsed Zone <size=50>(5/14)</size>	70			Assets/Product/Texture/Image/RoleMonster/RoleMonster85350.png	Me1JiulongzhongyaziMd000001	1006711				
30165211	1	Eclipsed Zone <size=50>(6/14)</size>	70			Assets/Product/Texture/Image/RoleMonster/RoleMonster85350.png	Mb1MelodyMd010001	1006712				
30165212	1	Eclipsed Zone <size=50>(7/14)</size>	71			Assets/Product/Texture/Image/RoleMonster/RoleMonster85350.png	Me1KuangdengMd000001UI	1006713				
30165213	1	Eclipsed Zone <size=50>(8/14)</size>	71			Assets/Product/Texture/Image/RoleMonster/RoleMonster85350.png	Me1SuanyegongyiMd000001	1006714				
30165214	1	Eclipsed Zone <size=50>(9/14)</size>	71			Assets/Product/Texture/Image/RoleMonster/RoleMonster85350.png	Mb1MelodyhuaxuMd10001	1006715				
30165215	1	Eclipsed Zone <size=50>(10/14)</size>	72			Assets/Product/Texture/Image/RoleMonster/RoleMonster85350.png	Me1FangshengdouniuMd000001	1006716				
30165216	2	Eclipsed Zone <size=50>(11/14)</size>	72			Assets/Product/Texture/Image/RoleMonster/RoleMonster85350.png	Mb1VoodooMd010001UI	1006717	120	Clear in 120s		
30165217	2	Eclipsed Zone <size=50>(12/14)</size>	73			Assets/Product/Texture/Image/RoleMonster/RoleMonster85350.png	Mb1BruceloongMd010001UI	1006718	120	Clear in 120s		
30165218	2	Eclipsed Zone <size=50>(13/14)</size>	73	74		Assets/Product/Texture/Image/RoleMonster/RoleMonster85350.png	Me1WutailongMd010001UI	1006719	120	Clear in 120s		
30165219	3	Eclipsed Zone <size=50>(14/14)</size>	75	37		Assets/Product/Texture/Image/RoleMonster/RoleMonster85350.png	Mb1JusticeMd010001UI	1006720				
30165220	1	Eclipsed Zone <size=50>(1/14)</size>	69			Assets/Product/Texture/Image/RoleMonster/RoleMonster85350.png	Mo1BaohuzheMd000001					
30165221	1	Eclipsed Zone <size=50>(2/14)</size>	69			Assets/Product/Texture/Image/RoleMonster/RoleMonster85350.png	Me1XunshoushiMd000001	1006721				
30165222	1	Eclipsed Zone <size=50>(3/14)</size>	69			Assets/Product/Texture/Image/RoleMonster/RoleMonster85350.png	Mb1SandwormMd030001	1006722				
30165223	1	Eclipsed Zone <size=50>(4/14)</size>	70			Assets/Product/Texture/Image/RoleMonster/RoleMonster85350.png	Me1ZhizunMd000001	1006723				
30165224	1	Eclipsed Zone <size=50>(5/14)</size>	70			Assets/Product/Texture/Image/RoleMonster/RoleMonster85350.png	Me1JiulongzhongyaziMd000001	1006724				
30165225	1	Eclipsed Zone <size=50>(6/14)</size>	70			Assets/Product/Texture/Image/RoleMonster/RoleMonster85350.png	Mb1MelodyMd010001	1006725				
30165226	1	Eclipsed Zone <size=50>(7/14)</size>	71			Assets/Product/Texture/Image/RoleMonster/RoleMonster85350.png	Me1KuangdengMd000001UI	1006726				
30165227	1	Eclipsed Zone <size=50>(8/14)</size>	71			Assets/Product/Texture/Image/RoleMonster/RoleMonster85350.png	Me1SuanyegongyiMd000001	1006727				
30165228	1	Eclipsed Zone <size=50>(9/14)</size>	71			Assets/Product/Texture/Image/RoleMonster/RoleMonster85350.png	Mb1MelodyhuaxuMd10001	1006728				
30165229	1	Eclipsed Zone <size=50>(10/14)</size>	72			Assets/Product/Texture/Image/RoleMonster/RoleMonster85350.png	Me1FangshengdouniuMd000001	1006729				
30165230	2	Eclipsed Zone <size=50>(11/14)</size>	72			Assets/Product/Texture/Image/RoleMonster/RoleMonster85350.png	Mb1VoodooMd010001UI	1006730	120	Clear in 120s		
30165231	2	Eclipsed Zone <size=50>(12/14)</size>	73			Assets/Product/Texture/Image/RoleMonster/RoleMonster85350.png	Mb1BruceloongMd010001UI	1006731	120	Clear in 120s		
30165232	2	Eclipsed Zone <size=50>(13/14)</size>	73	74		Assets/Product/Texture/Image/RoleMonster/RoleMonster85350.png	Me1WutailongMd010001UI	1006732	120	Clear in 120s		
30165233	3	Eclipsed Zone <size=50>(14/14)</size>	75	37		Assets/Product/Texture/Image/RoleMonster/RoleMonster85350.png	Mb1JusticeMd010001UI	1006733				
30165234	1	Deviated Zone <size=50>(1/14)</size>	77			Assets/Product/Texture/Image/RoleMonster/RoleMonster85350.png	Mo1YijushaojiejipaoMd000001					
30165235	1	Deviated Zone <size=50>(2/14)</size>	77			Assets/Product/Texture/Image/RoleMonster/RoleMonster85350.png	Mo1YijuyeyaMd000001	1006734				
30165236	1	Deviated Zone <size=50>(3/14)</size>	77			Assets/Product/Texture/Image/RoleMonster/RoleMonster85350.png	Mb1VirginbioMd030001	1006735				
30165237	1	Deviated Zone <size=50>(4/14)</size>	78			Assets/Product/Texture/Image/RoleMonster/RoleMonster85350.png	Me1XiaofangweishiMd000001	1006736				
30165238	1	Deviated Zone <size=50>(5/14)</size>	78			Assets/Product/Texture/Image/RoleMonster/RoleMonster85350.png	Me1JiegouqiutuMd010001UI	1006737				
30165239	1	Deviated Zone <size=50>(6/14)</size>	78			Assets/Product/Texture/Image/RoleMonster/RoleMonster85350.png	Mb1LiangMd010001UI	1006738				
30165240	1	Deviated Zone <size=50>(7/14)</size>	79			Assets/Product/Texture/Image/RoleMonster/RoleMonster85350.png	Me1ShuixingnvMd010001UI	1006739				
30165241	1	Deviated Zone <size=50>(8/14)</size>	79			Assets/Product/Texture/Image/RoleMonster/RoleMonster85350.png	Me1TwofacerMd010001UI	1006740				
30165242	1	Deviated Zone <size=50>(9/14)</size>	79			Assets/Product/Texture/Image/RoleMonster/RoleMonster85350.png	Mb1TifaMd010001UI	1006741				
30165243	1	Deviated Zone <size=50>(10/14)</size>	80			Assets/Product/Texture/Image/RoleMonster/RoleMonster85350.png	Me1TwinsblackMd000001UI	1006742				
30165244	2	Deviated Zone <size=50>(11/14)</size>	80			Assets/Product/Texture/Image/RoleMonster/RoleMonster85350.png	Mb1LuxiyaMd000005UI	1006743	120	Clear in 120s		
30165245	2	Deviated Zone <size=50>(12/14)</size>	81			Assets/Product/Texture/Image/RoleMonster/RoleMonster85350.png	Mb1MotherMd010001UI	1006744	120	Clear in 120s		
30165246	2	Deviated Zone <size=50>(13/14)</size>	81			Assets/Product/Texture/Image/RoleMonster/RoleMonster85350.png	Mb1MoonguyMd010001UI	1006745	120	Clear in 120s		
30165247	3	Deviated Zone <size=50>(14/14)</size>	82	37		Assets/Product/Texture/Image/RoleMonster/RoleMonster85350.png	Mb1VonnegutMd010001UI	1006746				
30165248	1	Deviated Zone <size=50>(1/14)</size>	77			Assets/Product/Texture/Image/RoleMonster/RoleMonster85350.png	Mo1YijushaojiejipaoMd000001					
30165249	1	Deviated Zone <size=50>(2/14)</size>	77			Assets/Product/Texture/Image/RoleMonster/RoleMonster85350.png	Mo1YijuyeyaMd000001	1006747				
30165250	1	Deviated Zone <size=50>(3/14)</size>	77			Assets/Product/Texture/Image/RoleMonster/RoleMonster85350.png	Mb1VirginbioMd030001	1006748				
30165251	1	Deviated Zone <size=50>(4/14)</size>	78			Assets/Product/Texture/Image/RoleMonster/RoleMonster85350.png	Me1XiaofangweishiMd000001	1006749				
30165252	1	Deviated Zone <size=50>(5/14)</size>	78			Assets/Product/Texture/Image/RoleMonster/RoleMonster85350.png	Me1JiegouqiutuMd010001UI	1006750				
30165253	1	Deviated Zone <size=50>(6/14)</size>	78			Assets/Product/Texture/Image/RoleMonster/RoleMonster85350.png	Mb1LiangMd010001UI	1006751				
30165254	1	Deviated Zone <size=50>(7/14)</size>	79			Assets/Product/Texture/Image/RoleMonster/RoleMonster85350.png	Me1ShuixingnvMd010001UI	1006752				
30165255	1	Deviated Zone <size=50>(8/14)</size>	79			Assets/Product/Texture/Image/RoleMonster/RoleMonster85350.png	Me1TwofacerMd010001UI	1006753				
30165256	1	Deviated Zone <size=50>(9/14)</size>	79			Assets/Product/Texture/Image/RoleMonster/RoleMonster85350.png	Mb1TifaMd010001UI	1006754				
30165257	1	Deviated Zone <size=50>(10/14)</size>	80			Assets/Product/Texture/Image/RoleMonster/RoleMonster85350.png	Me1TwinsblackMd000001UI	1006755				
30165258	2	Deviated Zone <size=50>(11/14)</size>	80			Assets/Product/Texture/Image/RoleMonster/RoleMonster85350.png	Mb1LuxiyaMd000005UI	1006756	120	Clear in 120s		
30165259	2	Deviated Zone <size=50>(12/14)</size>	81			Assets/Product/Texture/Image/RoleMonster/RoleMonster85350.png	Mb1MotherMd010001UI	1006757	120	Clear in 120s		
30165260	2	Deviated Zone <size=50>(13/14)</size>	81			Assets/Product/Texture/Image/RoleMonster/RoleMonster85350.png	Mb1MoonguyMd010001UI	1006758	120	Clear in 120s		
30165261	3	Deviated Zone <size=50>(14/14)</size>	82	37		Assets/Product/Texture/Image/RoleMonster/RoleMonster85350.png	Mb1VonnegutMd010001UI	1006759				
30165262	1	Interference Zone <size=50>(1/14)</size>	84			Assets/Product/Texture/Image/RoleMonster/RoleMonster85350.png	Mo1MegactinianMd010001UI					
30165263	1	Interference Zone <size=50>(2/14)</size>	84			Assets/Product/Texture/Image/RoleMonster/RoleMonster85350.png	Mo1ShenyuantianshiMd010001UI	1006760				
30165264	1	Interference Zone <size=50>(3/14)</size>	84			Assets/Product/Texture/Image/RoleMonster/RoleMonster85350.png	Me1ShuixingnvMd010001UI	1006761				
30165265	1	Interference Zone <size=50>(4/14)</size>	85			Assets/Product/Texture/Image/RoleMonster/RoleMonster85350.png	Mo1TuziMd000002UI	1006762				
30165266	1	Interference Zone <size=50>(5/14)</size>	85			Assets/Product/Texture/Image/RoleMonster/RoleMonster85350.png	Me1XinshiMd000001	1006763				
30165267	1	Interference Zone <size=50>(6/14)</size>	85			Assets/Product/Texture/Image/RoleMonster/RoleMonster85350.png	Mb1SwordMd030001	1006764				
30165268	1	Interference Zone <size=50>(7/14)</size>	86			Assets/Product/Texture/Image/RoleMonster/RoleMonster85350.png	Me1PuppetMd010001UI	1006765				
30165269	1	Interference Zone <size=50>(8/14)</size>	86			Assets/Product/Texture/Image/RoleMonster/RoleMonster85350.png	Mo1GoodgirlMd010001UI	1006766				
30165270	1	Interference Zone <size=50>(9/14)</size>	86			Assets/Product/Texture/Image/RoleMonster/RoleMonster85350.png	Mb1VirginbioMd030001	1006767				
30165271	1	Interference Zone <size=50>(10/14)</size>	87			Assets/Product/Texture/Image/RoleMonster/RoleMonster85350.png	Me1GuitaristMd000001UI	1006768				
30165272	2	Interference Zone <size=50>(11/14)</size>	87			Assets/Product/Texture/Image/RoleMonster/RoleMonster85350.png	Mb1RapperMd000001UI	1006769	120	Clear in 120s		
30165273	2	Interference Zone <size=50>(12/14)</size>	88			Assets/Product/Texture/Image/RoleMonster/RoleMonster85350.png	Mb1BraveMd010011	1006770	120	Clear in 120s		
30165274	2	Interference Zone <size=50>(13/14)</size>	88			Assets/Product/Texture/Image/RoleMonster/RoleMonster85350.png	Mb1HamuleiteMd010001UI	1006771	120	Clear in 120s		
30165275	3	Interference Zone <size=50>(14/14)</size>	89	37		Assets/Product/Texture/Image/RoleMonster/RoleMonster85350.png	Mb1SirenMd010001UI	1006772				
30165276	1	Interference Zone <size=50>(1/14)</size>	84			Assets/Product/Texture/Image/RoleMonster/RoleMonster85350.png	Mo1MegactinianMd010001UI					
30165277	1	Interference Zone <size=50>(2/14)</size>	84			Assets/Product/Texture/Image/RoleMonster/RoleMonster85350.png	Mo1ShenyuantianshiMd010001UI	1006773				
30165278	1	Interference Zone <size=50>(3/14)</size>	84			Assets/Product/Texture/Image/RoleMonster/RoleMonster85350.png	Me1ShuixingnvMd010001UI	1006774				
30165279	1	Interference Zone <size=50>(4/14)</size>	85			Assets/Product/Texture/Image/RoleMonster/RoleMonster85350.png	Mo1TuziMd000002UI	1006775				
30165280	1	Interference Zone <size=50>(5/14)</size>	85			Assets/Product/Texture/Image/RoleMonster/RoleMonster85350.png	Me1XinshiMd000001	1006776				
30165281	1	Interference Zone <size=50>(6/14)</size>	85			Assets/Product/Texture/Image/RoleMonster/RoleMonster85350.png	Mb1SwordMd030001	1006777				
30165282	1	Interference Zone <size=50>(7/14)</size>	86			Assets/Product/Texture/Image/RoleMonster/RoleMonster85350.png	Me1PuppetMd010001UI	1006778				
30165283	1	Interference Zone <size=50>(8/14)</size>	86			Assets/Product/Texture/Image/RoleMonster/RoleMonster85350.png	Mo1GoodgirlMd010001UI	1006779				
30165284	1	Interference Zone <size=50>(9/14)</size>	86			Assets/Product/Texture/Image/RoleMonster/RoleMonster85350.png	Mb1VirginbioMd030001	1006780				
30165285	1	Interference Zone <size=50>(10/14)</size>	87			Assets/Product/Texture/Image/RoleMonster/RoleMonster85350.png	Me1GuitaristMd000001UI	1006781				
30165286	2	Interference Zone <size=50>(11/14)</size>	87			Assets/Product/Texture/Image/RoleMonster/RoleMonster85350.png	Mb1RapperMd000001UI	1006782	120	Clear in 120s		
30165287	2	Interference Zone <size=50>(12/14)</size>	88			Assets/Product/Texture/Image/RoleMonster/RoleMonster85350.png	Mb1BraveMd010011	1006783	120	Clear in 120s		
30165288	2	Interference Zone <size=50>(13/14)</size>	88			Assets/Product/Texture/Image/RoleMonster/RoleMonster85350.png	Mb1HamuleiteMd010001UI	1006784	120	Clear in 120s		
30165289	3	Interference Zone <size=50>(14/14)</size>	89	37		Assets/Product/Texture/Image/RoleMonster/RoleMonster85350.png	Mb1SirenMd010001UI	1006785				
30165290	1	Omnia Zone <size=50>(1/14)</size>	91			Assets/Product/Texture/Image/RoleMonster/RoleMonster85350.png	Mo1BopuerMd010001UI					
30165291	1	Omnia Zone <size=50>(2/14)</size>	91			Assets/Product/Texture/Image/RoleMonster/RoleMonster85350.png	Mb1TaiayixingMd010001UI	1006786				
30165292	1	Omnia Zone <size=50>(3/14)</size>	91			Assets/Product/Texture/Image/RoleMonster/RoleMonster85350.png	Me1TwinsblackMd000001UI	1006787				
30165293	1	Omnia Zone <size=50>(4/14)</size>	92			Assets/Product/Texture/Image/RoleMonster/RoleMonster85350.png	Mo1TiaojiushiMd000001	1006788				
30165294	1	Omnia Zone <size=50>(5/14)</size>	92			Assets/Product/Texture/Image/RoleMonster/RoleMonster85350.png	Mo1SinmaidMd010001UI	1006789				
30165295	1	Omnia Zone <size=50>(6/14)</size>	92			Assets/Product/Texture/Image/RoleMonster/RoleMonster85350.png	Mb1LadyMd10001UI	1006790				
30165296	1	Omnia Zone <size=50>(7/14)</size>	93			Assets/Product/Texture/Image/RoleMonster/RoleMonster85350.png	Me1HetimingyunzhilunMd010001UI	1006791				
30165297	1	Omnia Zone <size=50>(8/14)</size>	93			Assets/Product/Texture/Image/RoleMonster/RoleMonster85350.png	Mo1ShigaonanMd010001UI	1006792				
30165298	1	Omnia Zone <size=50>(9/14)</size>	93			Assets/Product/Texture/Image/RoleMonster/RoleMonster85350.png	Mb1XigeluenMd010001SameColor	1006793				
30165299	1	Omnia Zone <size=50>(10/14)</size>	94			Assets/Product/Texture/Image/RoleMonster/RoleMonster85350.png	Me1YunluMd000003UI	1006794				
30165300	2	Omnia Zone <size=50>(11/14)</size>	94			Assets/Product/Texture/Image/RoleMonster/RoleMonster85350.png	Mb1BruceloongMd010001UI	1006795	120	Clear in 120s		
30165301	2	Omnia Zone <size=50>(12/14)</size>	95			Assets/Product/Texture/Image/RoleMonster/RoleMonster85350.png	Mb1EmperorMd010001UI	1006796	120	Clear in 120s		
30165302	2	Omnia Zone <size=50>(13/14)</size>	95			Assets/Product/Texture/Image/RoleMonster/RoleMonster85350.png	Mb1JusticeMd010001UI	1006797	120	Clear in 120s		
30165303	3	Omnia Zone <size=50>(14/14)</size>	96	37		Assets/Product/Texture/Image/RoleMonster/RoleMonster85350.png	Mb1ShadowkillerMd010001UI	1006798				
30165304	1	Omnia Zone <size=50>(1/14)</size>	91			Assets/Product/Texture/Image/RoleMonster/RoleMonster85350.png	Mo1BopuerMd010001UI					
30165305	1	Omnia Zone <size=50>(2/14)</size>	91			Assets/Product/Texture/Image/RoleMonster/RoleMonster85350.png	Mb1TaiayixingMd010001UI	1006799				
30165306	1	Omnia Zone <size=50>(3/14)</size>	91			Assets/Product/Texture/Image/RoleMonster/RoleMonster85350.png	Me1TwinsblackMd000001UI	1006800				
30165307	1	Omnia Zone <size=50>(4/14)</size>	92			Assets/Product/Texture/Image/RoleMonster/RoleMonster85350.png	Mo1TiaojiushiMd000001	1006801				
30165308	1	Omnia Zone <size=50>(5/14)</size>	92			Assets/Product/Texture/Image/RoleMonster/RoleMonster85350.png	Mo1SinmaidMd010001UI	1006802				
30165309	1	Omnia Zone <size=50>(6/14)</size>	92			Assets/Product/Texture/Image/RoleMonster/RoleMonster85350.png	Mb1LadyMd10001UI	1006803				
30165310	1	Omnia Zone <size=50>(7/14)</size>	93			Assets/Product/Texture/Image/RoleMonster/RoleMonster85350.png	Me1HetimingyunzhilunMd010001UI	1006804				
30165311	1	Omnia Zone <size=50>(8/14)</size>	93			Assets/Product/Texture/Image/RoleMonster/RoleMonster85350.png	Mo1ShigaonanMd010001UI	1006805				
30165312	1	Omnia Zone <size=50>(9/14)</size>	93			Assets/Product/Texture/Image/RoleMonster/RoleMonster85350.png	Mb1XigeluenMd010001SameColor	1006806				
30165313	1	Omnia Zone <size=50>(10/14)</size>	94			Assets/Product/Texture/Image/RoleMonster/RoleMonster85350.png	Me1YunluMd000003UI	1006807				
30165314	2	Omnia Zone <size=50>(11/14)</size>	94			Assets/Product/Texture/Image/RoleMonster/RoleMonster85350.png	Mb1BruceloongMd010001UI	1006808	120	Clear in 120s		
30165315	2	Omnia Zone <size=50>(12/14)</size>	95			Assets/Product/Texture/Image/RoleMonster/RoleMonster85350.png	Mb1EmperorMd010001UI	1006809	120	Clear in 120s		
30165316	2	Omnia Zone <size=50>(13/14)</size>	95			Assets/Product/Texture/Image/RoleMonster/RoleMonster85350.png	Mb1JusticeMd010001UI	1006810	120	Clear in 120s		
30165317	3	Omnia Zone <size=50>(14/14)</size>	96	37		Assets/Product/Texture/Image/RoleMonster/RoleMonster85350.png	Mb1ShadowkillerMd010001UI	1006811				
30165318	1	Malefic Zone <size=50>(1/14)</size>	99			Assets/Product/Texture/Image/RoleMonster/RoleMonster85350.png	Mo1TuziMd000002UI					
30165319	1	Malefic Zone <size=50>(2/14)</size>	99			Assets/Product/Texture/Image/RoleMonster/RoleMonster85350.png	Mo1ShirenhuaMd010002UI	1006812				
30165320	1	Malefic Zone <size=50>(3/14)</size>	99			Assets/Product/Texture/Image/RoleMonster/RoleMonster85350.png	Me1SimmoonguyMd010001UI	1006813				
30165321	1	Malefic Zone <size=50>(4/14)</size>	99			Assets/Product/Texture/Image/RoleMonster/RoleMonster85350.png	Mo1CiganxieMd010001UI	1006814				
30165322	1	Malefic Zone <size=50>(5/14)</size>	99			Assets/Product/Texture/Image/RoleMonster/RoleMonster85350.png	Mo1HongchaoxiaolangMd010001UI	1006815				
30165323	1	Malefic Zone <size=50>(6/14)</size>	99			Assets/Product/Texture/Image/RoleMonster/RoleMonster85350.png	Mb1SandwormMd030001	1006816				
30165324	1	Malefic Zone <size=50>(7/14)</size>	99			Assets/Product/Texture/Image/RoleMonster/RoleMonster85350.png	Mo1MegactinianMd010001UI	1006817				
30165325	1	Malefic Zone <size=50>(8/14)</size>	99			Assets/Product/Texture/Image/RoleMonster/RoleMonster85350.png	Mo1HetiyiliaojiMd010001UI	1006818				
30165326	1	Malefic Zone <size=50>(9/14)</size>	99			Assets/Product/Texture/Image/RoleMonster/RoleMonster85350.png	Mb1XiuMd010001SameColor	1006819				
30165327	1	Malefic Zone <size=50>(10/14)</size>	99			Assets/Product/Texture/Image/RoleMonster/RoleMonster85350.png	Me1UnknownMd010001UI	1006820				
30165328	2	Malefic Zone <size=50>(11/14)</size>	100			Assets/Product/Texture/Image/RoleMonster/RoleMonster85350.png	Mb1GodzillaMd010001UI	1006821	120	Clear in 120s		
30165329	2	Malefic Zone <size=50>(12/14)</size>	101			Assets/Product/Texture/Image/RoleMonster/RoleMonster85350.png	Mb1MonzanoMd010001UI	1006822	120	Clear in 120s		
30165330	2	Malefic Zone <size=50>(13/14)</size>	101			Assets/Product/Texture/Image/RoleMonster/RoleMonster85350.png	Mb1KeeleyMd010001UI	1006823	120	Clear in 120s		
30165331	3	Malefic Zone <size=50>(14/14)</size>	102	37		Assets/Product/Texture/Image/RoleMonster/RoleMonster85350.png	Mb1ChaosMd010001UI	1006824				
30165332	1	Malefic Zone <size=50>(1/14)</size>	99			Assets/Product/Texture/Image/RoleMonster/RoleMonster85350.png	Mo1TuziMd000002UI					
30165333	1	Malefic Zone <size=50>(2/14)</size>	99			Assets/Product/Texture/Image/RoleMonster/RoleMonster85350.png	Mo1ShirenhuaMd010002UI	1006825				
30165334	1	Malefic Zone <size=50>(3/14)</size>	99			Assets/Product/Texture/Image/RoleMonster/RoleMonster85350.png	Me1SimmoonguyMd010001UI	1006826				
30165335	1	Malefic Zone <size=50>(4/14)</size>	99			Assets/Product/Texture/Image/RoleMonster/RoleMonster85350.png	Mo1CiganxieMd010001UI	1006827				
30165336	1	Malefic Zone <size=50>(5/14)</size>	99			Assets/Product/Texture/Image/RoleMonster/RoleMonster85350.png	Mo1HongchaoxiaolangMd010001UI	1006828				
30165337	1	Malefic Zone <size=50>(6/14)</size>	99			Assets/Product/Texture/Image/RoleMonster/RoleMonster85350.png	Mb1SandwormMd030001	1006829				
30165338	1	Malefic Zone <size=50>(7/14)</size>	99			Assets/Product/Texture/Image/RoleMonster/RoleMonster85350.png	Mo1MegactinianMd010001UI	1006830				
30165339	1	Malefic Zone <size=50>(8/14)</size>	99			Assets/Product/Texture/Image/RoleMonster/RoleMonster85350.png	Mo1HetiyiliaojiMd010001UI	1006831				
30165340	1	Malefic Zone <size=50>(9/14)</size>	99			Assets/Product/Texture/Image/RoleMonster/RoleMonster85350.png	Mb1XiuMd010001SameColor	1006832				
30165341	1	Malefic Zone <size=50>(10/14)</size>	99			Assets/Product/Texture/Image/RoleMonster/RoleMonster85350.png	Me1UnknownMd010001UI	1006833				
30165342	2	Malefic Zone <size=50>(11/14)</size>	100			Assets/Product/Texture/Image/RoleMonster/RoleMonster85350.png	Mb1GodzillaMd010001UI	1006834	120	Clear in 120s		
30165343	2	Malefic Zone <size=50>(12/14)</size>	101			Assets/Product/Texture/Image/RoleMonster/RoleMonster85350.png	Mb1MonzanoMd010001UI	1006835	120	Clear in 120s		
30165344	2	Malefic Zone <size=50>(13/14)</size>	101			Assets/Product/Texture/Image/RoleMonster/RoleMonster85350.png	Mb1KeeleyMd010001UI	1006836	120	Clear in 120s		
30165345	3	Malefic Zone <size=50>(14/14)</size>	102	37		Assets/Product/Texture/Image/RoleMonster/RoleMonster85350.png	Mb1ChaosMd010001UI	1006837				
30165346	1	Layered Zone <size=50>(1/14)</size>	103			Assets/Product/Texture/Image/RoleMonster/RoleMonster85350.png	Mo1ShuixiyiMd010001UI					
30165347	1	Layered Zone <size=50>(2/14)</size>	103			Assets/Product/Texture/Image/RoleMonster/RoleMonster85350.png	Mo1CiganxieMd010001UI	1006838				
30165348	1	Layered Zone <size=50>(3/14)</size>	103			Assets/Product/Texture/Image/RoleMonster/RoleMonster85350.png	Me1JixiewusengMd000001UI	1006839				
30165349	1	Layered Zone <size=50>(4/14)</size>	103			Assets/Product/Texture/Image/RoleMonster/RoleMonster85350.png	Mo1BopuerMd010001UI	1006840				
30165350	1	Layered Zone <size=50>(5/14)</size>	103			Assets/Product/Texture/Image/RoleMonster/RoleMonster85350.png	Mo1NvcikeMd010001UI	1006841				
30165351	1	Layered Zone <size=50>(6/14)</size>	103			Assets/Product/Texture/Image/RoleMonster/RoleMonster85350.png	Mb1LunaMd010001UI	1006842				
30165352	1	Layered Zone <size=50>(7/14)</size>	103			Assets/Product/Texture/Image/RoleMonster/RoleMonster85350.png	Me1PikemanMd000001UI	1006843				
30165353	1	Layered Zone <size=50>(8/14)</size>	103			Assets/Product/Texture/Image/RoleMonster/RoleMonster85350.png	Me1YasibeiersiMd010001UI	1006844				
30165354	1	Layered Zone <size=50>(9/14)</size>	103			Assets/Product/Texture/Image/RoleMonster/RoleMonster85350.png	Me1PerfectrobotMd010001UI	1006845				
30165355	1	Layered Zone <size=50>(10/14)</size>	103			Assets/Product/Texture/Image/RoleMonster/RoleMonster85350.png	Mb1GodzillaMd010001UI	1006846				
30165356	2	Layered Zone <size=50>(11/14)</size>	104			Assets/Product/Texture/Image/RoleMonster/RoleMonster85350.png	Mb1KeeleyMd010001UI	1006847	120	Clear in 120s		
30165357	2	Layered Zone <size=50>(12/14)</size>	104			Assets/Product/Texture/Image/RoleMonster/RoleMonster85350.png	Mb1ScorpionMd010001UI	1006848	120	Clear in 120s		
30165358	2	Layered Zone <size=50>(13/14)</size>	104			Assets/Product/Texture/Image/RoleMonster/RoleMonster85350.png	Mb1TerminatorMd010001UI	1006849	120	Clear in 120s		
30165359	3	Layered Zone <size=50>(14/14)</size>	105	37		Assets/Product/Texture/Image/RoleMonster/RoleMonster85350.png	Mb1EphialtesMd010001UI	1006850				
30165360	1	Layered Zone <size=50>(1/14)</size>	103			Assets/Product/Texture/Image/RoleMonster/RoleMonster85350.png	Mo1ShuixiyiMd010001UI					
30165361	1	Layered Zone <size=50>(2/14)</size>	103			Assets/Product/Texture/Image/RoleMonster/RoleMonster85350.png	Mo1CiganxieMd010001UI	1006851				
30165362	1	Layered Zone <size=50>(3/14)</size>	103			Assets/Product/Texture/Image/RoleMonster/RoleMonster85350.png	Me1JixiewusengMd000001UI	1006852				
30165363	1	Layered Zone <size=50>(4/14)</size>	103			Assets/Product/Texture/Image/RoleMonster/RoleMonster85350.png	Mo1BopuerMd010001UI	1006853				
30165364	1	Layered Zone <size=50>(5/14)</size>	103			Assets/Product/Texture/Image/RoleMonster/RoleMonster85350.png	Mo1NvcikeMd010001UI	1006854				
30165365	1	Layered Zone <size=50>(6/14)</size>	103			Assets/Product/Texture/Image/RoleMonster/RoleMonster85350.png	Mb1LunaMd010001UI	1006855				
30165366	1	Layered Zone <size=50>(7/14)</size>	103			Assets/Product/Texture/Image/RoleMonster/RoleMonster85350.png	Me1PikemanMd000001UI	1006856				
30165367	1	Layered Zone <size=50>(8/14)</size>	103			Assets/Product/Texture/Image/RoleMonster/RoleMonster85350.png	Me1YasibeiersiMd010001UI	1006857				
30165368	1	Layered Zone <size=50>(9/14)</size>	103			Assets/Product/Texture/Image/RoleMonster/RoleMonster85350.png	Me1PerfectrobotMd010001UI	1006858				
30165369	1	Layered Zone <size=50>(10/14)</size>	103			Assets/Product/Texture/Image/RoleMonster/RoleMonster85350.png	Mb1GodzillaMd010001UI	1006859				
30165370	2	Layered Zone <size=50>(11/14)</size>	104			Assets/Product/Texture/Image/RoleMonster/RoleMonster85350.png	Mb1KeeleyMd010001UI	1006860	120	Clear in 120s		
30165371	2	Layered Zone <size=50>(12/14)</size>	104			Assets/Product/Texture/Image/RoleMonster/RoleMonster85350.png	Mb1ScorpionMd010001UI	1006861	120	Clear in 120s		
30165372	2	Layered Zone <size=50>(13/14)</size>	104			Assets/Product/Texture/Image/RoleMonster/RoleMonster85350.png	Mb1TerminatorMd010001UI	1006862	120	Clear in 120s		
30165373	3	Layered Zone <size=50>(14/14)</size>	105	37		Assets/Product/Texture/Image/RoleMonster/RoleMonster85350.png	Mb1EphialtesMd010001UI	1006863				
30165375	1	Nightmare Zone <size=50>(1/14)</size>	107			Assets/Product/Texture/Image/RoleMonster/RoleMonster85350.png	Me1TwinsblackMd000001UI				30	
30165376	1	Nightmare Zone <size=50>(2/14)</size>	107			Assets/Product/Texture/Image/RoleMonster/RoleMonster85350.png	Mo1HongchaoxiaolangMd010001UI	1006864			35	
30165377	1	Nightmare Zone <size=50>(3/14)</size>	107			Assets/Product/Texture/Image/RoleMonster/RoleMonster85350.png	Me1ShuixingnvMd010001UI	1006865			40	
30165378	1	Nightmare Zone <size=50>(4/14)</size>	107			Assets/Product/Texture/Image/RoleMonster/RoleMonster85350.png	Me1NianMd010001UI	1006866			45	
30165379	1	Nightmare Zone <size=50>(5/14)</size>	107			Assets/Product/Texture/Image/RoleMonster/RoleMonster85350.png	Mo1HetiyiliaojiMd010001UI	1006867			50	
30165380	1	Nightmare Zone <size=50>(6/14)</size>	107			Assets/Product/Texture/Image/RoleMonster/RoleMonster85350.png	R4DubianMd010011	1006868			55	
30165381	1	Nightmare Zone <size=50>(7/14)</size>	107			Assets/Product/Texture/Image/RoleMonster/RoleMonster85350.png	Me1TwofacerMd010001UI	1006869			60	
30165382	1	Nightmare Zone <size=50>(8/14)</size>	107			Assets/Product/Texture/Image/RoleMonster/RoleMonster85350.png	Me1SimmoonguyMd010001UI	1006870			65	
30165383	1	Nightmare Zone <size=50>(9/14)</size>	107			Assets/Product/Texture/Image/RoleMonster/RoleMonster85350.png	Me1TadpoleMd010001UI	1006871			70	
30165384	1	Nightmare Zone <size=50>(10/14)</size>	107			Assets/Product/Texture/Image/RoleMonster/RoleMonster85350.png	Mb1ElpisMd010001UI	1006872			75	
30165385	2	Nightmare Zone <size=50>(11/14)</size>	108			Assets/Product/Texture/Image/RoleMonster/RoleMonster85350.png	Mb1TerminatorMd010001UI	1006873	120	Clear in 120s	80	250
30165386	2	Nightmare Zone <size=50>(12/14)</size>	108			Assets/Product/Texture/Image/RoleMonster/RoleMonster85350.png	Mb1ChainsawkillerMd010001UI	1006874	120	Clear in 120s	85	250
30165387	2	Nightmare Zone <size=50>(13/14)</size>	108			Assets/Product/Texture/Image/RoleMonster/RoleMonster85350.png	Mb1TitanMd010001UI	1006875	120	Clear in 120s	90	250
30165388	3	Nightmare Zone <size=50>(14/14)</size>	109	110	37	Assets/Product/Texture/Image/RoleMonster/RoleMonster85350.png	Mb1RegulatorMd010001UI	1006876				
30165389	1	Nightmare Zone <size=50>(1/14)</size>	107			Assets/Product/Texture/Image/RoleMonster/RoleMonster85350.png	Me1TwinsblackMd000001UI				30	
30165390	1	Nightmare Zone <size=50>(2/14)</size>	107			Assets/Product/Texture/Image/RoleMonster/RoleMonster85350.png	Mo1HongchaoxiaolangMd010001UI	1006877			35	
30165391	1	Nightmare Zone <size=50>(3/14)</size>	107			Assets/Product/Texture/Image/RoleMonster/RoleMonster85350.png	Me1ShuixingnvMd010001UI	1006878			40	
30165392	1	Nightmare Zone <size=50>(4/14)</size>	107			Assets/Product/Texture/Image/RoleMonster/RoleMonster85350.png	Me1NianMd010001UI	1006879			45	
30165393	1	Nightmare Zone <size=50>(5/14)</size>	107			Assets/Product/Texture/Image/RoleMonster/RoleMonster85350.png	Mo1HetiyiliaojiMd010001UI	1006880			50	
30165394	1	Nightmare Zone <size=50>(6/14)</size>	107			Assets/Product/Texture/Image/RoleMonster/RoleMonster85350.png	R4DubianMd010011	1006881			55	
30165395	1	Nightmare Zone <size=50>(7/14)</size>	107			Assets/Product/Texture/Image/RoleMonster/RoleMonster85350.png	Me1TwofacerMd010001UI	1006882			60	
30165396	1	Nightmare Zone <size=50>(8/14)</size>	107			Assets/Product/Texture/Image/RoleMonster/RoleMonster85350.png	Me1SimmoonguyMd010001UI	1006883			65	
30165397	1	Nightmare Zone <size=50>(9/14)</size>	107			Assets/Product/Texture/Image/RoleMonster/RoleMonster85350.png	Me1TadpoleMd010001UI	1006884			70	
30165398	1	Nightmare Zone <size=50>(10/14)</size>	107			Assets/Product/Texture/Image/RoleMonster/RoleMonster85350.png	Mb1ElpisMd010001UI	1006885			75	
30165399	2	Nightmare Zone <size=50>(11/14)</size>	108			Assets/Product/Texture/Image/RoleMonster/RoleMonster85350.png	Mb1TerminatorMd010001UI	1006886	120	Clear in 120s	80	250
30165400	2	Nightmare Zone <size=50>(12/14)</size>	108			Assets/Product/Texture/Image/RoleMonster/RoleMonster85350.png	Mb1ChainsawkillerMd010001UI	1006887	120	Clear in 120s	85	250
30165401	2	Nightmare Zone <size=50>(13/14)</size>	108			Assets/Product/Texture/Image/RoleMonster/RoleMonster85350.png	Mb1TitanMd010001UI	1006888	120	Clear in 120s	90	250
30165402	3	Nightmare Zone <size=50>(14/14)</size>	109	110	37	Assets/Product/Texture/Image/RoleMonster/RoleMonster85350.png	Mb1RegulatorMd010001UI	1006889				
30165403	1	Ember Zone <size=50>(1/14)</size>	112			Assets/Product/Texture/Image/RoleMonster/RoleMonster85350.png	Me1XunshoushiMd000001				30	
30165404	1	Ember Zone <size=50>(2/14)</size>	112			Assets/Product/Texture/Image/RoleMonster/RoleMonster85350.png	Me1WuzangliuxingMd000001	1006890			35	
30165405	1	Ember Zone <size=50>(3/14)</size>	112			Assets/Product/Texture/Image/RoleMonster/RoleMonster85350.png	Mb1MelodyMd010001	1006891			40	
30165406	1	Ember Zone <size=50>(4/14)</size>	112			Assets/Product/Texture/Image/RoleMonster/RoleMonster85350.png	Me1ZhizunMd000001	1006892			45	
30165407	1	Ember Zone <size=50>(5/14)</size>	112			Assets/Product/Texture/Image/RoleMonster/RoleMonster85350.png	Me1TwinsblackMd000001UI	1006893			50	
30165408	1	Ember Zone <size=50>(6/14)</size>	112			Assets/Product/Texture/Image/RoleMonster/RoleMonster85350.png	Mb1MotherMd010001UI	1006894			55	
30165409	1	Ember Zone <size=50>(7/14)</size>	112			Assets/Product/Texture/Image/RoleMonster/RoleMonster85350.png	Me1TwofacerMd010001UI	1006895			60	
30165410	1	Ember Zone <size=50>(8/14)</size>	112			Assets/Product/Texture/Image/RoleMonster/RoleMonster85350.png	Mo1LucunMd000001	1006896			65	
30165411	1	Ember Zone <size=50>(9/14)</size>	112			Assets/Product/Texture/Image/RoleMonster/RoleMonster85350.png	Mb1MaidmasterMd010001UI	1006897			70	
30165412	1	Ember Zone <size=50>(10/14)</size>	112			Assets/Product/Texture/Image/RoleMonster/RoleMonster85350.png	Mb1TitanMd010001UI	1006898			75	
30165413	2	Ember Zone <size=50>(11/14)</size>	113			Assets/Product/Texture/Image/RoleMonster/RoleMonster85350.png	Mb1MelinoeMd010001UI	1006899	120	Clear in 120s	80	250
30165414	2	Ember Zone <size=50>(12/14)</size>	113			Assets/Product/Texture/Image/RoleMonster/RoleMonster85350.png	Mb1MonzanoMd010001UI	1006900	120	Clear in 120s	85	250
30165415	2	Ember Zone <size=50>(13/14)</size>	113			Assets/Product/Texture/Image/RoleMonster/RoleMonster85350.png	Mb1MoineauMd010001UI	1006901	120	Clear in 120s	90	250
30165416	3	Ember Zone <size=50>(14/14)</size>	114	115	37	Assets/Product/Texture/Image/RoleMonster/RoleMonster85350.png	Mb1GodzillaMd010001UI	1006902				
30165417	1	Ember Zone <size=50>(1/14)</size>	112			Assets/Product/Texture/Image/RoleMonster/RoleMonster85350.png	Me1XunshoushiMd000001				30	
30165418	1	Ember Zone <size=50>(2/14)</size>	112			Assets/Product/Texture/Image/RoleMonster/RoleMonster85350.png	Me1WuzangliuxingMd000001	1006903			35	
30165419	1	Ember Zone <size=50>(3/14)</size>	112			Assets/Product/Texture/Image/RoleMonster/RoleMonster85350.png	Mb1MelodyMd010001	1006904			40	
30165420	1	Ember Zone <size=50>(4/14)</size>	112			Assets/Product/Texture/Image/RoleMonster/RoleMonster85350.png	Me1ZhizunMd000001	1006905			45	
30165421	1	Ember Zone <size=50>(5/14)</size>	112			Assets/Product/Texture/Image/RoleMonster/RoleMonster85350.png	Me1TwinsblackMd000001UI	1006906			50	
30165422	1	Ember Zone <size=50>(6/14)</size>	112			Assets/Product/Texture/Image/RoleMonster/RoleMonster85350.png	Mb1MotherMd010001UI	1006907			55	
30165423	1	Ember Zone <size=50>(7/14)</size>	112			Assets/Product/Texture/Image/RoleMonster/RoleMonster85350.png	Me1TwofacerMd010001UI	1006908			60	
30165424	1	Ember Zone <size=50>(8/14)</size>	112			Assets/Product/Texture/Image/RoleMonster/RoleMonster85350.png	Mo1LucunMd000001	1006909			65	
30165425	1	Ember Zone <size=50>(9/14)</size>	112			Assets/Product/Texture/Image/RoleMonster/RoleMonster85350.png	Mb1MaidmasterMd010001UI	1006910			70	
30165426	1	Ember Zone <size=50>(10/14)</size>	112			Assets/Product/Texture/Image/RoleMonster/RoleMonster85350.png	Mb1TitanMd010001UI	1006911			75	
30165427	2	Ember Zone <size=50>(11/14)</size>	113			Assets/Product/Texture/Image/RoleMonster/RoleMonster85350.png	Mb1MelinoeMd010001UI	1006912	120	Clear in 120s	80	250
30165428	2	Ember Zone <size=50>(12/14)</size>	113			Assets/Product/Texture/Image/RoleMonster/RoleMonster85350.png	Mb1MonzanoMd010001UI	1006913	120	Clear in 120s	85	250
30165429	2	Ember Zone <size=50>(13/14)</size>	113			Assets/Product/Texture/Image/RoleMonster/RoleMonster85350.png	Mb1MoineauMd010001UI	1006914	120	Clear in 120s	90	250
30165430	3	Ember Zone <size=50>(14/14)</size>	120	121	37	Assets/Product/Texture/Image/RoleMonster/RoleMonster85350.png	Mb1GodzillaMd010001UI	1006915				
30165431	1	Void Zone <size=50>(1/14)</size>	118			Assets/Product/Texture/Image/RoleMonster/RoleMonster85350.png	Mo1FangshengrongyuanMd000001				30	
30165432	1	Void Zone <size=50>(2/14)</size>	118			Assets/Product/Texture/Image/RoleMonster/RoleMonster85350.png	Mo1LangrensixingMd000001	1006916			35	
30165433	1	Void Zone <size=50>(3/14)</size>	118			Assets/Product/Texture/Image/RoleMonster/RoleMonster85350.png	Mo1BadboyMd010001UI	1006917			40	
30165434	1	Void Zone <size=50>(4/14)</size>	118			Assets/Product/Texture/Image/RoleMonster/RoleMonster85350.png	Me1XiguajunMd000002UI	1006918			45	
30165435	1	Void Zone <size=50>(5/14)</size>	118			Assets/Product/Texture/Image/RoleMonster/RoleMonster85350.png	Me1PerfectrobotMd010001UI	1006919			50	
30165436	1	Void Zone <size=50>(6/14)</size>	118			Assets/Product/Texture/Image/RoleMonster/RoleMonster85350.png	Mb1AzazelMd010002UI	1006920			55	
30165437	1	Void Zone <size=50>(7/14)</size>	118			Assets/Product/Texture/Image/RoleMonster/RoleMonster85350.png	Me1JixiewusengMd000001UI	1006921			60	
30165438	1	Void Zone <size=50>(8/14)</size>	118			Assets/Product/Texture/Image/RoleMonster/RoleMonster85350.png	Me1JiegouqiutuMd010001UI	1006922			65	
30165439	1	Void Zone <size=50>(9/14)</size>	118			Assets/Product/Texture/Image/RoleMonster/RoleMonster85350.png	Mo1HeavywarriorMd010001UI	1006923			70	
30165440	1	Void Zone <size=50>(10/14)</size>	118			Assets/Product/Texture/Image/RoleMonster/RoleMonster85350.png	Mb1EphialtesMd010001UI	1006924			75	
30165441	2	Void Zone <size=50>(11/14)</size>	119			Assets/Product/Texture/Image/RoleMonster/RoleMonster85350.png	Mb1MoineauMd010001UI	1006925	120	Clear in 120s	80	250
30165442	2	Void Zone <size=50>(12/14)</size>	119			Assets/Product/Texture/Image/RoleMonster/RoleMonster85350.png	Mb1MargaretMd010001UI	1006926	120	Clear in 120s	85	250
30165443	2	Void Zone <size=50>(13/14)</size>	119			Assets/Product/Texture/Image/RoleMonster/RoleMonster85350.png	Mb1ElpisMd010001UI	1006927	120	Clear in 120s	90	250
30165444	3	Void Zone <size=50>(14/14)</size>	120	121	37	Assets/Product/Texture/Image/RoleMonster/RoleMonster85350.png	Mb1ZakaidevilMd010001UI	1006928				
30165445	1	Void Zone <size=50>(1/14)</size>	118			Assets/Product/Texture/Image/RoleMonster/RoleMonster85350.png	Mo1FangshengrongyuanMd000001				30	
30165446	1	Void Zone <size=50>(2/14)</size>	118			Assets/Product/Texture/Image/RoleMonster/RoleMonster85350.png	Mo1LangrensixingMd000001	1006929			35	
30165447	1	Void Zone <size=50>(3/14)</size>	118			Assets/Product/Texture/Image/RoleMonster/RoleMonster85350.png	Mo1BadboyMd010001UI	1006930			40	
30165448	1	Void Zone <size=50>(4/14)</size>	118			Assets/Product/Texture/Image/RoleMonster/RoleMonster85350.png	Me1XiguajunMd000002UI	1006931			45	
30165449	1	Void Zone <size=50>(5/14)</size>	118			Assets/Product/Texture/Image/RoleMonster/RoleMonster85350.png	Me1PerfectrobotMd010001UI	1006932			50	
30165450	1	Void Zone <size=50>(6/14)</size>	118			Assets/Product/Texture/Image/RoleMonster/RoleMonster85350.png	Mb1AzazelMd010002UI	1006933			55	
30165451	1	Void Zone <size=50>(7/14)</size>	118			Assets/Product/Texture/Image/RoleMonster/RoleMonster85350.png	Me1JixiewusengMd000001UI	1006934			60	
30165452	1	Void Zone <size=50>(8/14)</size>	118			Assets/Product/Texture/Image/RoleMonster/RoleMonster85350.png	Me1JiegouqiutuMd010001UI	1006935			65	
30165453	1	Void Zone <size=50>(9/14)</size>	118			Assets/Product/Texture/Image/RoleMonster/RoleMonster85350.png	Mo1HeavywarriorMd010001UI	1006936			70	
30165454	1	Void Zone <size=50>(10/14)</size>	118			Assets/Product/Texture/Image/RoleMonster/RoleMonster85350.png	Mb1EphialtesMd010001UI	1006937			75	
30165455	2	Void Zone <size=50>(11/14)</size>	119			Assets/Product/Texture/Image/RoleMonster/RoleMonster85350.png	Mb1MoineauMd010001UI	1006938	120	Clear in 120s	80	250
30165456	2	Void Zone <size=50>(12/14)</size>	119			Assets/Product/Texture/Image/RoleMonster/RoleMonster85350.png	Mb1MargaretMd010001UI	1006939	120	Clear in 120s	85	250
30165457	2	Void Zone <size=50>(13/14)</size>	119			Assets/Product/Texture/Image/RoleMonster/RoleMonster85350.png	Mb1ElpisMd010001UI	1006940	120	Clear in 120s	90	250
30165458	3	Void Zone <size=50>(14/14)</size>	120	121	37	Assets/Product/Texture/Image/RoleMonster/RoleMonster85350.png	Mb1ZakaidevilMd010001UI	1006941				
